ACFT_ID;Op Type;Flap_ID;B;C;D;R
1900D;A;35-A;;;0.915858;0.130495
1900D;A;A_40D;;;0.416345;0.140491
1900D;A;ZERO-A;;;;0.106643
1900D;D;17-D;0.060076;0.858496;;0.072968
1900D;D;ZERO-D;;;;0.094383
707320;A;14;;;;0.089316
707320;A;D-25;;;0.307537;0.107756
707320;A;D-40;;;0.279116;0.134567
707320;A;D-50;;;0.275511;0.154720
707320;A;U-25;;;;0.098219
707320;A;ZERO;;;;0.056170
707320;D;14;0.004514;0.312431;;0.089316
707320;D;INT;;;;0.072743
707320;D;ZERO;;;;0.056170
707QN;A;14;;;;0.089316
707QN;A;D-25;;;0.307537;0.107756
707QN;A;D-40;;;0.279116;0.134567
707QN;A;D-50;;;0.275511;0.154720
707QN;A;U-25;;;;0.098219
707QN;A;ZERO;;;;0.056170
707QN;D;14;0.004514;0.312431;;0.089316
707QN;D;INT;;;;0.072743
707QN;D;ZERO;;;;0.056170
717200;A;A_0U;;;;0.064560
717200;A;A_13D;;;;0.109249
717200;A;A_13U;;;;0.095353
717200;A;A_18D;;;;0.110090
717200;A;A_18U;;;;0.095015
717200;A;A_40D;;;0.416345;0.140491
717200;D;T_00B;;;;0.060000
717200;D;T_00C;;;;0.060000
717200;D;T_05H;0.011607;0.483254;;0.075000
717200;D;T_05M;0.011795;0.489068;;0.075000
717200;D;T_13A;0.010862;0.469923;;0.078000
720B;A;20;;;;0.091933
720B;A;D-30;;;0.350247;0.109478
720B;A;D-50;;;0.339412;0.148843
720B;A;U-30;;;;0.098050
720B;A;ZERO;;;;0.056170
720B;D;20;0.005730;0.356426;;0.091933
720B;D;30;0.005238;0.340735;;0.104243
720B;D;INT;;;;0.074052
720B;D;ZERO;;;;0.056170
727100;A;5;;;;0.088916
727100;A;D-25;;;0.350485;0.128359
727100;A;D-30;;;0.343897;0.145903
727100;A;D-40;;;0.335992;0.186604
727100;A;U-15;;;;0.090698
727100;A;U-25;;;;0.113154
727100;A;ZERO;;;;0.063600
727100;D;15;0.008301;0.392649;;0.095459
727100;D;2;;;;0.085700
727100;D;25;0.007389;0.371567;;0.115623
727100;D;5;0.008692;0.415048;;0.088916
727100;D;ZERO;;;;0.063600
727D15;A;5;;;;0.086900
727D15;A;D-25;;;0.383689;0.109535
727D15;A;D-30;;;0.368000;0.143700
727D15;A;D-40;;;0.360000;0.184400
727D15;A;U-15;;;;0.089969
727D15;A;U-25;;;;0.109535
727D15;A;ZERO;;;;0.059400
727D15;D;15;0.008260;0.388000;;0.092900
727D15;D;2;;;;0.085700
727D15;D;20;0.007712;0.376653;;0.108897
727D15;D;25;0.007630;0.367000;;0.111200
727D15;D;5;0.009240;0.409000;;0.086900
727D15;D;ZERO;;;;0.059400
727D17;A;5;;;;0.086900
727D17;A;D-25;;;0.383689;0.124821
727D17;A;D-30;;;0.368000;0.143700
727D17;A;D-40;;;0.360000;0.184400
727D17;A;U-15;;;;0.089969
727D17;A;U-25;;;;0.109535
727D17;A;ZERO;;;;0.059400
727D17;D;15;0.008260;0.388000;;0.092900
727D17;D;2;;;;0.085700
727D17;D;20;0.007712;0.376653;;0.108897
727D17;D;25;0.007630;0.367000;;0.111200
727D17;D;5;0.009240;0.409000;;0.086900
727D17;D;ZERO;;;;0.059400
727EM1;A;5;;;;0.088916
727EM1;A;D-25;;;0.350485;0.128359
727EM1;A;D-30;;;0.343897;0.145903
727EM1;A;D-40;;;0.335992;0.186604
727EM1;A;U-15;;;;0.090698
727EM1;A;U-25;;;;0.113154
727EM1;A;ZERO;;;;0.063600
727EM1;D;15;0.008301;0.392649;;0.095459
727EM1;D;2;;;;0.085700
727EM1;D;25;0.007389;0.371567;;0.115623
727EM1;D;5;0.008692;0.415048;;0.088916
727EM1;D;ZERO;;;;0.063600
727EM2;A;5;;;;0.086900
727EM2;A;D-25;;;0.383689;0.109535
727EM2;A;D-30;;;0.368000;0.143700
727EM2;A;D-40;;;0.360000;0.184400
727EM2;A;U-15;;;;0.089969
727EM2;A;U-25;;;;0.109535
727EM2;A;ZERO;;;;0.059400
727EM2;D;15;0.008260;0.388000;;0.092900
727EM2;D;2;;;;0.085700
727EM2;D;20;0.007712;0.376653;;0.108897
727EM2;D;25;0.007630;0.367000;;0.111200
727EM2;D;5;0.009240;0.409000;;0.086900
727EM2;D;ZERO;;;;0.059400
727Q15;A;5;;;;0.086900
727Q15;A;D-25;;;0.383689;0.109535
727Q15;A;D-30;;;0.368000;0.143700
727Q15;A;D-40;;;0.360000;0.184400
727Q15;A;U-15;;;;0.089969
727Q15;A;U-25;;;;0.109535
727Q15;A;ZERO;;;;0.059400
727Q15;D;15;0.008260;0.388000;;0.092900
727Q15;D;2;;;;0.085700
727Q15;D;20;0.007712;0.376653;;0.108897
727Q15;D;25;0.007630;0.367000;;0.111200
727Q15;D;5;0.009240;0.409000;;0.086900
727Q15;D;ZERO;;;;0.059400
727Q7;A;5;;;;0.088916
727Q7;A;D-25;;;0.350485;0.128359
727Q7;A;D-30;;;0.343897;0.145903
727Q7;A;D-40;;;0.335992;0.186604
727Q7;A;U-15;;;;0.090698
727Q7;A;U-25;;;;0.113154
727Q7;A;ZERO;;;;0.063600
727Q7;D;15;0.008301;0.392649;;0.095459
727Q7;D;2;;;;0.085700
727Q7;D;25;0.007389;0.371567;;0.115623
727Q7;D;5;0.008692;0.415048;;0.088916
727Q7;D;ZERO;;;;0.063600
727Q9;A;5;;;;0.086900
727Q9;A;D-25;;;0.372885;0.124565
727Q9;A;D-30;;;0.367614;0.142606
727Q9;A;D-40;;;0.359182;0.184273
727Q9;A;U-15;;;;0.090523
727Q9;A;U-25;;;;0.109315
727Q9;A;ZERO;;;;0.059400
727Q9;D;15;0.008260;0.388000;;0.092900
727Q9;D;2;;;;0.085700
727Q9;D;20;0.007712;0.376653;;0.108897
727Q9;D;25;0.007630;0.367000;;0.111200
727Q9;D;5;0.009240;0.409000;;0.086900
727Q9;D;ZERO;;;;0.059400
727QF;A;D-15;;;;0.118200
727QF;A;D-25;;;;0.135900
727QF;A;D-30;;;0.365800;0.160200
727QF;A;D-40;;;0.356800;0.200300
727QF;A;U-05;;;;0.087090
727QF;A;U-15;;;;0.096760
727QF;A;U-25;;;;0.120100
727QF;A;U-ZERO;;;;0.060270
727QF;D;15;0.007525;0.412000;;0.100500
727QF;D;2;;;;0.081000
727QF;D;25;0.006900;0.388500;;0.122200
727QF;D;5;0.008490;0.424200;;0.092100
727QF;D;ZERO;;;;0.065990
737;A;5;;;;0.085235
737;A;D-25;;;0.452885;0.113106
737;A;D-30;;;0.442783;0.124898
737;A;D-40;;;0.432682;0.155057
737;A;U-15;;;;0.088617
737;A;U-25;;;;0.097687
737;A;ZERO;;;;0.064300
737;D;10;0.010935;0.457438;;0.093192
737;D;25;0.010293;0.436124;;0.109993
737;D;5;0.011593;0.475473;;0.085235
737;D;INT;;;;0.074770
737;D;ZERO;;;;0.064300
737300;A;5;;;;0.074200
737300;A;D-15;;;0.463900;0.110300
737300;A;D-30;;;0.434000;0.124700
737300;A;D-40;;;0.421500;0.147100
737300;A;ZERO;;;;0.062000
737300;D;1;0.012600;0.495800;;0.069000
737300;D;15;0.011100;0.457200;;0.087200
737300;D;5;0.011600;0.477215;;0.074200
737300;D;ZERO;;;;0.062000
7373B2;A;5;;;;0.079400
7373B2;A;D-15;;;0.463900;0.110300
7373B2;A;D-30;;;0.434000;0.124700
7373B2;A;D-40;;;0.421500;0.147100
7373B2;A;ZERO;;;;0.062000
7373B2;D;1;0.012400;0.495800;;0.076100
7373B2;D;15;0.011000;0.457500;;0.087200
7373B2;D;5;0.011511;0.477758;;0.079400
7373B2;D;T_01;;;;0.067000
7373B2;D;T_05;;;;0.074679
7373B2;D;ZERO;;;;0.062000
737400;A;5;;;;0.079800
737400;A;D-15;;;0.477900;0.107900
737400;A;D-30;;;0.433800;0.125100
737400;A;D-40;;;0.423000;0.151000
737400;A;ZERO;;;;0.062800
737400;D;1;;;;0.071300
737400;D;15;0.010900;0.459600;;0.092400
737400;D;5;0.011700;0.483400;;0.079800
737400;D;ZERO;;;;0.062800
737500;A;5;;;;0.080300
737500;A;D-15;;;0.453800;0.108400
737500;A;D-30;;;0.428100;0.125300
737500;A;D-40;;;0.416600;0.151000
737500;A;ZERO;;;;0.061000
737500;D;1;;;;0.071200
737500;D;15;0.010900;0.454100;;0.092500
737500;D;5;0.011380;0.474697;;0.080300
737500;D;ZERO;;;;0.061000
737700;A;A_15;;;0.412200;0.104800
737700;A;A_30;;;0.398600;0.119400
737700;A;A_40;;;0.390700;0.143400
737700;A;T_5;;;;0.074900
737700;A;T_ZERO;;;;0.055200
737700;D;T_00H;;;;0.063000
737700;D;T_01;0.009700;0.432900;;0.062000
737700;D;T_05A;;;;0.070000
737700;D;T_10;0.008900;0.411200;;0.085800
737700;D;T_15;0.008700;0.406000;;0.088900
737700;D;T_25;0.008600;0.402100;;0.093200
737700;D;T_5;0.009300;0.425100;;0.074900
737700;D;T_ZERO;;;;0.055200
737800;A;A_00;;;;0.059698
737800;A;A_01;;;;0.066122
737800;A;A_05;;;;0.078996
737800;A;A_15;;;;0.111985
737800;A;A_30;;;0.383611;0.117166
737800;D;T_00;;;;0.056250
737800;D;T_01;;;;0.062530
737800;D;T_05;0.009633;0.435043;;0.073700
7378MAX;A;A_00;;;;0.056009
7378MAX;A;A_01;;;;0.066859
7378MAX;A;A_05;;;;0.077189
7378MAX;A;A_15;;;;0.106525
7378MAX;A;A_30;;;0.375612;0.116638
7378MAX;D;D_00;;;;0.054180
7378MAX;D;D_01;;;;0.062526
7378MAX;D;D_05;0.007970;0.408980;;0.074014
737D17;A;5;;;;0.087424
737D17;A;D-25;;;0.451848;0.113169
737D17;A;D-30;;;0.443779;0.125252
737D17;A;D-40;;;0.434096;0.156502
737D17;A;U-15;;;;0.106085
737D17;A;U-25;;;;0.097127
737D17;A;ZERO;;;;0.064300
737D17;D;10;0.010956;0.456114;;0.096364
737D17;D;25;0.010406;0.436124;;0.108780
737D17;D;5;0.011677;0.473007;;0.087424
737D17;D;INT;;;;0.075860
737D17;D;ZERO;;;;0.064300
737N17;A;5;;;;0.087424
737N17;A;D-25;;;0.451848;0.113169
737N17;A;D-30;;;0.443779;0.125252
737N17;A;D-40;;;0.434096;0.156502
737N17;A;U-15;;;;0.106085
737N17;A;U-25;;;;0.097127
737N17;A;ZERO;;;;0.064300
737N17;D;10;0.010956;0.456114;;0.096364
737N17;D;25;0.010406;0.436124;;0.108780
737N17;D;5;0.011677;0.473007;;0.087424
737N17;D;INT;;;;0.075860
737N17;D;ZERO;;;;0.064300
737N9;A;5;;;;0.085235
737N9;A;D-25;;;0.452885;0.113106
737N9;A;D-30;;;0.442783;0.124898
737N9;A;D-40;;;0.432682;0.155057
737N9;A;U-15;;;;0.088617
737N9;A;U-25;;;;0.097687
737N9;A;ZERO;;;;0.064300
737N9;D;10;0.010935;0.457438;;0.093192
737N9;D;25;0.010293;0.436124;;0.109993
737N9;D;5;0.011593;0.475473;;0.085235
737N9;D;INT;;;;0.074770
737N9;D;ZERO;;;;0.064300
737QN;A;5;;;;0.085235
737QN;A;D-25;;;0.452885;0.113106
737QN;A;D-30;;;0.442783;0.124898
737QN;A;D-40;;;0.432682;0.155057
737QN;A;U-15;;;;0.088617
737QN;A;U-25;;;;0.097687
737QN;A;ZERO;;;;0.064300
737QN;D;10;0.010935;0.457438;;0.093192
737QN;D;25;0.010293;0.436124;;0.109993
737QN;D;5;0.011593;0.475473;;0.085235
737QN;D;INT;;;;0.074770
737QN;D;ZERO;;;;0.064300
74710Q;A;10;;;;0.092196
74710Q;A;D-20;;;0.217555;0.109467
74710Q;A;D-25;;;0.210537;0.116953
74710Q;A;D-30;;;0.202116;0.142564
74710Q;A;U-20;;;;0.091737
74710Q;A;ZERO;;;;0.056930
74710Q;D;10;0.002333;0.212212;;0.092196
74710Q;D;20;0.002187;0.202456;;0.099504
74710Q;D;5;;;;0.074560
74710Q;D;ZERO;;;;0.056930
747200;A;10;;;;0.091154
747200;A;D-20;;;0.217555;0.109467
747200;A;D-25;;;0.210537;0.116953
747200;A;D-30;;;0.202116;0.142564
747200;A;U-20;;;;0.091737
747200;A;ZERO;;;;0.056930
747200;D;10;0.002350;0.211659;;0.091154
747200;D;20;0.002207;0.203133;;0.098616
747200;D;5;;;;0.074042
747200;D;ZERO;;;;0.056930
74720A;A;10;;;;0.089170
74720A;A;D-25;;;0.210500;0.118000
74720A;A;D-30;;;0.201700;0.143800
74720A;A;ZERO;;;;0.055240
74720A;D;10;0.002340;0.211500;;0.089170
74720A;D;20;0.002186;0.202900;;0.097280
74720A;D;5;;;;0.072200
74720A;D;ZERO;;;;0.055240
74720B;A;10;;;;0.088600
74720B;A;D-25;;;0.211300;0.120700
74720B;A;D-30;;;0.201600;0.144400
74720B;A;ZERO;;;;0.056930
74720B;D;10;0.002351;0.213000;;0.088600
74720B;D;20;0.002196;0.204500;;0.098670
74720B;D;5;;;;0.072760
74720B;D;ZERO;;;;0.056930
747400;A;10;;;;0.082300
747400;A;5;;;;0.069000
747400;A;D-25;;;0.214300;0.117100
747400;A;D-30;;;0.206400;0.141000
747400;D;10;0.002104;0.213380;;0.082300
747400;D;20;0.002100;0.206200;;0.091600
747400;D;5;;;;0.069000
747400;D;T_00H;;;;0.053000
747400;D;T_01;;;;0.057691
747400;D;T_05;;;;0.071000
747400;D;T_05C;;;;0.057569
747400;D;T_10;0.002101;0.207131;;0.110782
747400;D;T_10H;;;;0.100000
747400;D;ZERO;;0.311100;;0.050800
7478;A;F_10;;;;0.083321
7478;A;F_20;;;0.192660;0.128462
7478;A;F_30;;;0.189605;0.143406
7478;D;F_0;;;;0.052717
7478;D;F_1;;;;0.064841
7478;D;F_10;0.002000;0.204760;;0.083321
7478;D;F_5;;;;0.073443
747SP;A;10;;;;0.095316
747SP;A;D-20;;;0.216415;0.110347
747SP;A;D-25;;;0.209991;0.116897
747SP;A;D-30;;;0.202497;0.143096
747SP;A;U-20;;;;0.092569
747SP;A;ZERO;;;;0.056930
747SP;D;10;0.002357;0.210572;;0.095316
747SP;D;20;0.002179;0.201901;;0.103296
747SP;D;5;;;;0.076123
747SP;D;ZERO;;;;0.056930
757300;D;T_00;;;;0.055540
757300;D;T_01;;;;0.059430
757300;D;T_05;0.006931;0.387540;;0.079930
757PW;A;5;;;;0.072200
757PW;A;D-25;;;0.323400;0.118600
757PW;A;D-30;;;0.317900;0.134200
757PW;A;ZERO;;;;0.054800
757PW;D;15;0.006110;0.345400;;0.078200
757PW;D;20;0.005730;0.330000;;0.086400
757PW;D;5;0.006243;0.360271;;0.072200
757PW;D;T_00;;;;0.055346
757PW;D;T_01;;;;0.060900
757PW;D;T_05;;0.360271;;0.068200
757PW;D;ZERO;;0.469900;;0.054800
757RR;A;5;;;;0.070000
757RR;A;D-25;;;0.323800;0.117800
757RR;A;D-30;;;0.319100;0.133700
757RR;A;ZERO;;;;0.054100
757RR;D;15;0.006140;0.345400;;0.075800
757RR;D;20;0.005700;0.330000;;0.084700
757RR;D;5;0.006319;0.361650;;0.070000
757RR;D;INT;;;;0.062100
757RR;D;T_00;;;;0.052500
757RR;D;T_01;;;;0.058316
757RR;D;T_05;;;;0.063500
757RR;D;ZERO;;0.469900;;0.054100
767300;A;5;;;;0.075000
767300;A;D-25;;;0.262700;0.121000
767300;A;D-30;;;0.255500;0.132900
767300;A;ZERO;;;;0.053100
767300;D;15;0.003810;0.285300;;0.082400
767300;D;20;0.003670;0.278800;;0.086600
767300;D;5;0.004090;0.297000;;0.075000
767300;D;INT;;;;0.064100
767300;D;ZERO;;;;0.053100
767400;A;L_25_D;;;0.260100;0.115600
767400;A;L_30_D;;;0.253600;0.126500
767400;D;T_00_U;;;;0.049200
767400;D;T_05A;;;;0.055000
767400;D;T_05B;;;;0.060000
767400;D;T_05_U;0.004300;0.297200;;0.067400
767400;D;T_15_U;0.004100;0.287600;;0.073600
767400;D;T_20_U;0.003624;0.277500;;0.079400
767CF6;A;1;;;;0.064600
767CF6;A;5;;;;0.068500
767CF6;A;D-25;;;0.290090;0.107500
767CF6;A;D-30;;;0.280960;0.123200
767CF6;D;1;0.005570;0.316250;;0.064600
767CF6;D;15;0.005040;0.292490;;0.074000
767CF6;D;20;0.004900;0.284960;;0.077900
767CF6;D;5;0.005300;0.305760;;0.068500
767CF6;D;ZERO;;;;0.048900
767JT9;A;5;;;;0.070500
767JT9;A;D-25;;;0.290090;0.108500
767JT9;A;D-30;;;0.280960;0.125800
767JT9;A;ZERO;;;;0.052000
767JT9;D;1;0.005040;0.316250;;0.065800
767JT9;D;15;0.004360;0.292490;;0.075600
767JT9;D;20;0.004170;0.284960;;0.080200
767JT9;D;5;0.004720;0.305760;;0.070500
767JT9;D;ZERO;;;;0.052000
777200;A;D20;;;0.220400;0.097650
777200;A;D25;;;0.213300;0.115800
777200;A;D30;;;0.203000;0.133000
777200;D;15;0.002867;0.229900;;0.074320
777200;D;20;0.002751;0.223900;;0.081860
777200;D;T_00;;0.321800;;0.050650
777200;D;T_00H;;;;0.052000
777200;D;T_00L;;;;0.048000
777200;D;T_01;;0.292100;;0.055550
777200;D;T_01H;;;;0.060000
777200;D;T_05;0.002475;0.239429;;0.068980
777200;D;T_05A;;;;0.063456
777200;D;T_05C;;;;0.092000
777200;D;T_05CH;;;;0.085000
777300;A;L_25_D;;;0.215600;0.116000
777300;A;L_30_D;;;0.207100;0.132200
777300;D;T_00_U;;;;0.050400
777300;D;T_05_U;0.003100;0.258600;;0.064500
777300;D;T_15_U;0.002800;0.245400;;0.070400
777300;D;T_20_U;0.002700;0.236300;;0.078300
7773ER;A;F_20;;;0.225340;0.104970
7773ER;A;F_30;;;0.209490;0.134910
7773ER;D;FLAP_0;;;;0.050171
7773ER;D;FLAP_1;;;;0.054934
7773ER;D;FLAP_5;0.002710;0.240000;;0.066100
7878R;A;FLAP20;;;0.260280;0.088050
7878R;A;FLAP30;;;0.246840;0.105000
7878R;A;F_00;;;0.393870;0.045060
7878R;A;F_01;;;0.329760;0.047700
7878R;A;F_05;;;0.288410;0.067150
7878R;D;FLAP_0;;;;0.050055
7878R;D;FLAP_1;;;;0.052026
7878R;D;FLAP_5;0.002949;0.256410;;0.071636
A300-622R;A;1;;;;0.071539
A300-622R;A;2_D;;;;0.094763
A300-622R;A;2_U;;;;0.072592
A300-622R;A;3_D;;;0.274926;0.102372
A300-622R;A;FULL_D;;;0.253296;0.125036
A300-622R;A;ZERO;;;;0.052053
A300-622R;D;0;;;;0.053127
A300-622R;D;1500;0.004121;0.292000;;0.072348
A300B4-203;A;1;;;;0.090223
A300B4-203;A;D-15;;;0.282370;0.106070
A300B4-203;A;D-25;;;0.271510;0.125568
A300B4-203;A;ZERO;;;;0.063491
A300B4-203;D;1;0.005307;0.324359;;0.090223
A300B4-203;D;15;0.004020;0.278999;;0.102935
A300B4-203;D;8;0.004239;0.291059;;0.093067
A300B4-203;D;ZERO;;;;0.063491
A310-304;A;1;;;;0.068197
A310-304;A;2_D;;;;0.096731
A310-304;A;2_U;;;;0.072778
A310-304;A;3_D;;;0.274926;0.106084
A310-304;A;FULL_D;;;0.253296;0.129438
A310-304;A;ZERO;;;;0.054935
A310-304;D;0;;;;0.055191
A310-304;D;1500;0.004875;0.313705;;0.072016
A319-131;A;1_A;;;;0.063170
A319-131;A;2_D;;;;0.098119
A319-131;A;2_U;;;;0.071826
A319-131;A;3_D;;;0.379931;0.098121
A319-131;A;FULL_D;;;0.355927;0.124534
A319-131;A;ZERO_A;;;;0.056446
A319-131;D;1;;;;0.071598
A319-131;D;1+F;0.007077;0.376764;;0.072635
A319-131;D;ZERO;;;;0.054290
A320-211;A;1_A;;;;0.061662
A320-211;A;2_D;;;;0.096267
A320-211;A;2_U;;;;0.067463
A320-211;A;3_D;;;0.385223;0.101204
A320-211;A;FULL_D;;;0.370520;0.115860
A320-211;A;ZERO_A;;;;0.057558
A320-211;D;1;;;;0.066827
A320-211;D;1+F;0.007701;0.394884;;0.071403
A320-211;D;ZERO;;;;0.056281
A320-232;A;1_A;;;;0.059086
A320-232;A;2_D;;;;0.095899
A320-232;A;2_U;;;;0.066790
A320-232;A;3_D;;;0.379853;0.100263
A320-232;A;FULL_D;;;0.369833;0.121141
A320-232;A;ZERO_A;;;;0.054309
A320-232;D;1;;;;0.065822
A320-232;D;1+F;0.007626;0.395674;;0.069873
A320-232;D;ZERO;;;;0.053320
A321-232;A;1_A;;;;0.064258
A321-232;A;2_D;;;;0.101798
A321-232;A;2_U;;;;0.074849
A321-232;A;3_D;;;0.368096;0.112676
A321-232;A;FULL_D;;;0.357761;0.119073
A321-232;A;ZERO_A;;;;0.057183
A321-232;D;1;;;;0.071631
A321-232;D;1+F;0.007524;0.390238;;0.075946
A321-232;D;ZERO;;;;0.056647
A330-301;A;1_A;;;;0.057783
A330-301;A;2_D;;;;0.081654
A330-301;A;2_U;;;;0.064098
A330-301;A;3_D;;;0.229065;0.092737
A330-301;A;FULL_D;;;0.222802;0.100779
A330-301;A;ZERO_A;;;;0.047685
A330-301;D;1;;;;0.059866
A330-301;D;1+F;0.002905;0.247076;;0.061736
A330-301;D;ZERO;;;;0.046057
A330-343;A;1_A;;;;0.055464
A330-343;A;2_D;;;;0.083569
A330-343;A;2_U;;;;0.063042
A330-343;A;3_D;;;0.229705;0.092555
A330-343;A;FULL_D;;;0.222498;0.102020
A330-343;A;ZERO_A;;;;0.046224
A330-343;D;1;;;;0.059260
A330-343;D;1+F;0.002900;0.245211;;0.062365
A330-343;D;ZERO;;;;0.044593
A340-211;A;1_A;;;;0.063657
A340-211;A;2_D;;;;0.092945
A340-211;A;2_U;;;;0.071673
A340-211;A;3_D;;;0.224603;0.101734
A340-211;A;FULL_D;;;0.220432;0.108554
A340-211;A;ZERO_A;;;;0.051221
A340-211;D;1;;;;0.068547
A340-211;D;1+F;0.002605;0.223635;;0.073134
A340-211;D;ZERO;;;;0.048646
A340-642;A;1_A;;;;0.054416
A340-642;A;2_D;;;;0.087508
A340-642;A;2_U;;;;0.067996
A340-642;A;3_D;;;0.213821;0.100473
A340-642;A;FULL_D;;;0.207330;0.105616
A340-642;A;ZERO_A;;;;0.051608
A340-642;D;1;;;;0.061180
A340-642;D;1+F;0.002423;0.225716;;0.067430
A340-642;D;ZERO;;;;0.051433
A350-941;A;A_1_U;;;;0.056319
A350-941;A;A_2_D;;;;0.081415
A350-941;A;A_2_U;;;;0.059857
A350-941;A;A_3_D;;;0.225785;0.092557
A350-941;A;A_FULL_D;;;0.214862;0.106058
A350-941;A;A_ZERO;;;;0.048841
A350-941;D;D_1+F_D;0.002722;0.233179;;0.098533
A350-941;D;D_1+F_U;;;;0.062824
A350-941;D;D_1_U;;;;0.058754
A350-941;D;D_ZERO;;;;0.048126
A380-841;A;A_1+F;;;;0.055657
A380-841;A;A_2_D;;;;0.081906
A380-841;A;A_2_U;;;;0.064109
A380-841;A;A_3_D;;;0.154745;0.101662
A380-841;A;A_FULL;;;0.154745;0.107331
A380-841;A;ZERO_A;;;;0.050279
A380-841;D;D_1;;;;0.053173
A380-841;D;D_1+F;0.001250;0.159626;;0.068055
A380-841;D;ZERO;;;;0.050472
A380-861;A;A_1+F;;;;0.058557
A380-861;A;A_2_D;;;;0.081967
A380-861;A;A_2_U;;;;0.065580
A380-861;A;A_3_D;;;0.154745;0.101738
A380-861;A;A_FULL;;;0.154745;0.108118
A380-861;A;ZERO_A;;;;0.048776
A380-861;D;D_1;;;;0.053241
A380-861;D;D_1+F;0.001250;0.159567;;0.070602
A380-861;D;ZERO;;;;0.049623
ATR72;A;15-A-G;;;;0.080300
ATR72;A;33-A-G;;;0.556080;0.105000
ATR72;A;ZERO-A;;;;0.090270
ATR72;D;15;0.013155;0.538000;;0.081420
ATR72;D;INTR;;;;0.078260
ATR72;D;ZERO;;;;0.070800
BAC111;A;D-45;;;0.490760;0.139207
BAC111;A;INT1;;;;0.073590
BAC111;A;U-INT;;;;0.106398
BAC111;A;ZERO;;;;0.065000
BAC111;D;8;0.015690;0.543820;;0.082179
BAC111;D;INT1;;;;0.073590
BAC111;D;ZERO;;;;0.065000
BAE146;A;18;;;;0.132410
BAE146;A;D-18;;;0.616670;0.119715
BAE146;A;D-24;;;0.616670;0.138371
BAE146;A;D-33;;;0.455550;0.153186
BAE146;A;U-18;;;;0.081800
BAE146;A;U-24;;;;0.095298
BAE146;A;ZERO;;;;0.083096
BAE146;D;18;0.009678;0.492960;;0.132410
BAE146;D;24;0.008979;0.458460;;0.141200
BAE146;D;30;0.008173;0.431790;;0.152870
BAE146;D;ZERO;;;;0.083096
BAE300;A;18;;;;0.127900
BAE300;A;D-18;;;0.605570;0.116925
BAE300;A;D-24;;;0.605570;0.134808
BAE300;A;D-33;;;0.451100;0.149009
BAE300;A;U-18;;;;0.080580
BAE300;A;U-24;;;;0.093519
BAE300;A;ZERO;;;;0.081866
BAE300;D;18;0.009449;0.498470;;0.127900
BAE300;D;24;0.008341;0.462000;;0.135200
BAE300;D;30;0.007750;0.433510;;0.147110
BAE300;D;ZERO;;;;0.081866
BEC58P;A;D-15;;;;0.148850
BEC58P;A;D-30;;;1.334920;0.160000
BEC58P;A;TO;;;;0.137700
BEC58P;A;ZERO;;;;0.125381
BEC58P;D;TO;0.100258;1.280980;;0.137700
BEC58P;D;ZERO;;;;0.125381
C130;A;D-35;;;0.389664;0.108899
C130;A;U-INTR;;;;0.094450
C130;A;ZERO;;;;0.080000
C130;D;17;0.009096;0.364536;;0.109996
C130;D;ZERO;;;;0.080000
C130E;A;D-35;;;0.389664;0.108899
C130E;A;U-INTR;;;;0.094450
C130E;A;ZERO;;;;0.080000
C130E;D;17;0.009096;0.364536;;0.109996
C130E;D;ZERO;;;;0.080000
CIT3;A;10;;;;0.092263
CIT3;A;D-40;;;0.966375;0.147159
CIT3;A;D-INTR;;;;0.130842
CIT3;A;ZERO;;;;0.070000
CIT3;D;10;;;;0.092263
CIT3;D;20;0.042840;0.947523;;0.114525
CIT3;D;ZERO;;;;0.070000
CL600;A;10;;;;0.079246
CL600;A;D-45;;;0.766248;0.169002
CL600;A;D-INTR;;;;0.128747
CL600;A;ZERO;;;;0.070000
CL600;D;10;;;;0.079246
CL600;D;20;0.028225;0.780719;;0.088492
CL600;D;ZERO;;;;0.070000
CL601;A;10;;;;0.075805
CL601;A;D-45;;;0.769487;0.163669
CL601;A;D-INTR;;;;0.122639
CL601;A;ZERO;;;;0.070000
CL601;D;10;;;;0.075805
CL601;D;20;0.032183;0.780565;;0.081609
CL601;D;ZERO;;;;0.070000
CNA172;A;10-D;;;1.313200;0.099400
CNA172;A;30-D;;;1.252600;0.151600
CNA172;A;ZERO-D;;;;0.096000
CNA172;D;10-C;0.099200;1.030400;;0.144600
CNA172;D;CRUISE;;;;0.096000
CNA172;D;ZERO-C;0.102500;1.111200;;0.083100
CNA182;A;F10APP;;;;0.122000
CNA182;A;F30APP;;;1.285000;0.151000
CNA182;A;ZERO-A;;;;0.127000
CNA182;D;F-20D;0.058000;1.204000;;0.170000
CNA182;D;ZERO;;;;0.127000
CNA182;D;ZERO-C;;;;0.097000
CNA182;D;ZERO-T;;;;0.103000
CNA206;A;10_D;;;;0.105632
CNA206;A;40_D;;;1.238520;0.169084
CNA206;D;20_T;0.055005;1.025620;;0.136998
CNA206;D;ZERO_C;;;;0.095630
CNA206;D;ZERO_T;0.055005;1.025620;;0.106327
CNA208;A;F30APP;;;0.867722;0.099468
CNA208;A;ZERO-A;;;;0.089802
CNA208;D;F-20D;0.033202;0.748330;;0.105087
CNA208;D;ZERO;0.050030;0.887307;;0.089802
CNA208;D;ZERO-C;;;;0.087252
CNA208;D;ZERO-T;;;;0.060282
CNA20T;A;10_D;;;;0.109615
CNA20T;A;40_D;;;1.325740;0.211577
CNA20T;D;20_T;0.054669;1.045287;;0.137950
CNA20T;D;ZERO_C;;;;0.101535
CNA20T;D;ZERO_T;0.054669;0.959417;;0.099791
CNA441;A;D-INTR;;;;0.141579
CNA441;A;D-L;;;1.023290;0.162936
CNA441;A;TO;;;;0.120222
CNA441;A;ZERO;;;;0.096518
CNA441;D;TO;0.072722;1.108340;;0.120222
CNA441;D;ZERO;;;;0.096518
CNA500;A;1;;;;0.080282
CNA500;A;D-35;;;0.991547;0.147335
CNA500;A;D-INTR;;;;0.113809
CNA500;A;ZERO;;;;0.070000
CNA500;D;1;;;;0.080282
CNA500;D;12;0.054342;0.956752;;0.090564
CNA500;D;ZERO;;;;0.070000
CNA510;A;A_15;;;1.073624;0.088506
CNA510;A;A_35;;;1.002913;0.126185
CNA510;A;ZERO_C;;;;0.088914
CNA510;D;D_15;0.070510;1.179843;;0.097415
CNA510;D;ZERO_C;;;;0.088914
CNA510;D;ZERO_D;0.090811;1.347624;;0.103158
CNA525C;A;A_15;;;1.012614;0.106795
CNA525C;A;A_35;;;0.946574;0.126615
CNA525C;A;ZERO_C;;;;0.085000
CNA525C;D;D-15;0.053355;0.993147;;0.096525
CNA525C;D;ZERO_C;;;;0.085000
CNA525C;D;ZERO_D;0.061279;1.065348;;0.091290
CNA55B;A;A_15;;;1.014270;0.118086
CNA55B;A;A_35;;;0.955300;0.200794
CNA55B;A;ZERO_C;;;;0.108330
CNA55B;D;D_15;0.056280;1.080923;;0.128052
CNA55B;D;ZERO_C;;;;0.108330
CNA55B;D;ZERO_D;0.063189;1.159835;;0.119835
CNA560E;A;15 U;;;0.919106;0.099403
CNA560E;A;35 D;;;0.870372;0.130841
CNA560E;A;ZERO;;;;0.122635
CNA560E;D;15;0.054336;1.014289;;0.122203
CNA560E;D;7;0.059522;1.061591;;0.119510
CNA560E;D;ZERO;;;;0.122635
CNA560U;A;7;;;;0.126990
CNA560U;A;7_APP;;;;0.126990
CNA560U;A;D 15;;;0.864640;0.088125
CNA560U;A;D 35;;;0.811918;0.132402
CNA560U;A;ZERO;;;;0.070000
CNA560U;D;15;0.038136;1.069934;;0.135230
CNA560U;D;7;0.041179;1.105180;;0.126990
CNA560U;D;ZERO;;;;0.070000
CNA560XL;A;D 15U;;;0.911890;0.085550
CNA560XL;A;D 35D;;;0.861790;0.126192
CNA560XL;A;ZERO;;;;0.074551
CNA560XL;D;15;0.030657;1.045811;;0.138520
CNA560XL;D;7;0.035712;1.095308;;0.135050
CNA560XL;D;ZERO;;;;0.074551
CNA680;A;15 GU;;;0.717794;0.093247
CNA680;A;35 GD;;;0.662727;0.146827
CNA680;A;ZERO;;;;0.105329
CNA680;D;15;0.027468;0.725152;;0.127804
CNA680;D;7;0.030105;0.764412;;0.122083
CNA680;D;ZERO;;;;0.105329
CNA750;A;15_GD;;;0.753068;0.174519
CNA750;A;15_GU;;;0.753068;0.146147
CNA750;A;35_GD;;;0.714646;0.250382
CNA750;A;5_GU;;;0.799175;0.118139
CNA750;A;ZERO;;;;0.096475
CNA750;D;15;0.034761;0.787004;;0.128220
CNA750;D;5;0.038446;0.825110;;0.122657
CNA750;D;ZERO;;;;0.096475
CONCRD;A;CL1;;;;0.132940
CONCRD;A;D-L;;;0.349148;0.205927
CONCRD;A;U-L;;;;0.183067
CONCRD;A;ZERO;;;;0.132940
CONCRD;D;CL1;;;;0.132940
CONCRD;D;TO;0.008051;0.338363;;0.132940
CONCRD;D;ZERO;;;;0.132940
CRJ9-ER;A;20;;;;0.097600
CRJ9-ER;A;D-45;;;0.580100;0.155100
CRJ9-ER;A;U-45;;;;0.150400
CRJ9-ER;A;ZERO;;;;0.065500
CRJ9-ER;D;0-204;;;;0.059900
CRJ9-ER;D;0-250;;;;0.064100
CRJ9-ER;D;D-8;0.017700;0.590200;;0.097800
CRJ9-ER;D;U-8;;;;0.077500
CRJ9-ER;D;ZERO;;;;0.065500
CRJ9-LR;A;20;;;;0.097600
CRJ9-LR;A;D-45;;;0.580100;0.155100
CRJ9-LR;A;U-45;;;;0.150400
CRJ9-LR;A;ZERO;;;;0.065500
CRJ9-LR;D;0-204;;;;0.059900
CRJ9-LR;D;0-250;;;;0.064100
CRJ9-LR;D;D-8;0.017700;0.590200;;0.097800
CRJ9-LR;D;U-8;;;;0.077500
CRJ9-LR;D;ZERO;;;;0.065500
CVR580;A;D-28;;;0.519720;0.118937
CVR580;A;D-40;;;0.491380;0.124222
CVR580;A;INTR;;;;0.102858
CVR580;A;ZERO;;;;0.075000
CVR580;D;10;0.028303;0.540116;;0.130717
CVR580;D;INTR;;;;0.102858
CVR580;D;ZERO;;;;0.075000
DC1010;A;D-35;;;0.251236;0.132645
DC1010;A;D-50;;;0.244243;0.164729
DC1010;A;INT;;;;0.068522
DC1010;A;U-35;;;;0.127457
DC1010;A;U-50;;;;0.161155
DC1010;A;ZERO;;;;0.057149
DC1010;D;10;0.003560;0.261942;;0.101376
DC1010;D;5;;;;0.079893
DC1010;D;INT;;;;0.068522
DC1010;D;ZERO;;;;0.057149
DC1030;A;D-35;;;0.253400;0.130000
DC1030;A;INT2;;;;0.073070
DC1030;A;U-20;;;;0.104000
DC1030;A;ZERO;;;;0.065190
DC1030;D;20;0.003091;0.243400;;0.104000
DC1030;D;INT1;;;;0.094540
DC1030;D;INT2;;;;0.073070
DC1030;D;ZERO;;;;0.065190
DC1040;A;5;;;;0.082503
DC1040;A;D-35;;;0.254879;0.121114
DC1040;A;D-50;;;0.247241;0.151007
DC1040;A;U-35;;;;0.114222
DC1040;A;U-50;;;;0.145481
DC1040;A;ZERO;;;;0.060025
DC1040;D;15;0.004009;0.272697;;0.111044
DC1040;D;5;;;;0.082503
DC1040;D;INT;;;;0.071264
DC1040;D;ZERO;;;;0.060025
DC3;A;D-45;;;0.597793;0.155222
DC3;A;TO;;;;0.123784
DC3;A;U-INT;;;;0.133361
DC3;A;ZERO;;;;0.111500
DC3;D;TO;0.019837;0.619256;;0.123784
DC3;D;ZERO;;;;0.111500
DC6;A;D-INTR;;;;0.101990
DC6;A;D-L;;;0.294594;0.125979
DC6;A;TO;;;;0.082040
DC6;A;ZERO;;;;0.078000
DC6;D;TO;0.007829;0.430006;;0.082040
DC6;D;ZERO;;;;0.078000
DC850;A;D-35;;;0.328558;0.129965
DC850;A;D-50;;;0.313281;0.149354
DC850;A;INT;;;;0.074401
DC850;A;U-35;;;;0.126751
DC850;A;U-50;;;;0.145337
DC850;A;ZERO;;;;0.058535
DC850;D;15;0.005206;0.323443;;0.090417
DC850;D;25;0.004708;0.315832;;0.103092
DC850;D;INT;;;;0.074401
DC850;D;ZERO;;;;0.058535
DC860;A;D-35;;;0.312879;0.117758
DC860;A;D-50;;;0.304526;0.130913
DC860;A;INT;;;;0.071703
DC860;A;U-35;;;;0.115049
DC860;A;U-50;;;;0.127660
DC860;A;ZERO;;;;0.053190
DC860;D;12;0.004899;0.320082;;0.090214
DC860;D;23;0.004572;0.304797;;0.095953
DC860;D;INT;;;;0.071703
DC860;D;ZERO;;;;0.053190
DC870;A;D-35;;;0.312879;0.117758
DC870;A;D-50;;;0.304526;0.130913
DC870;A;INT;;;;0.071703
DC870;A;U-35;;;;0.115049
DC870;A;U-50;;;;0.127660
DC870;A;ZERO;;;;0.053190
DC870;D;12;0.004899;0.320082;;0.090214
DC870;D;23;0.004572;0.304797;;0.095953
DC870;D;INT;;;;0.071703
DC870;D;ZERO;;;;0.053190
DC8QN;A;D-35;;;0.312879;0.117758
DC8QN;A;D-50;;;0.304526;0.130913
DC8QN;A;INT;;;;0.071703
DC8QN;A;U-35;;;;0.115049
DC8QN;A;U-50;;;;0.127660
DC8QN;A;ZERO;;;;0.053190
DC8QN;D;12;0.004899;0.320082;;0.090214
DC8QN;D;23;0.004572;0.304797;;0.095953
DC8QN;D;INT;;;;0.071703
DC8QN;D;ZERO;;;;0.053190
DC910;A;5;;;;0.077570
DC910;A;D-35;;;0.480101;0.134177
DC910;A;D-50;;;0.445486;0.157948
DC910;A;U-15;;;;0.087963
DC910;A;U-35;;;;0.130625
DC910;A;U-50;;;;0.153365
DC910;A;ZERO;;;;0.075935
DC910;D;15;0.010618;0.477234;;0.087963
DC910;D;5;0.012996;0.495570;;0.077570
DC910;D;INT;;;;0.076753
DC910;D;ZERO;;;;0.075935
DC930;A;5;;;;0.084985
DC930;A;D-35;;;0.470211;0.135075
DC930;A;D-50;;;0.438965;0.165052
DC930;A;U-15;;;;0.092489
DC930;A;U-35;;;;0.131559
DC930;A;U-50;;;;0.155925
DC930;A;ZERO;;;;0.068416
DC930;D;15;0.010507;0.471774;;0.092489
DC930;D;5;0.012098;0.489900;;0.084985
DC930;D;INT;;;;0.076701
DC930;D;ZERO;;;;0.068416
DC93LW;A;5;;;;0.084985
DC93LW;A;D-35;;;0.470211;0.135075
DC93LW;A;D-50;;;0.438965;0.165052
DC93LW;A;U-15;;;;0.092489
DC93LW;A;U-35;;;;0.131559
DC93LW;A;U-50;;;;0.155925
DC93LW;A;ZERO;;;;0.068416
DC93LW;D;15;0.010507;0.471774;;0.092489
DC93LW;D;5;0.012098;0.489900;;0.084985
DC93LW;D;INT;;;;0.076701
DC93LW;D;ZERO;;;;0.068416
DC950;A;5;;;;0.084985
DC950;A;D-35;;;0.468147;0.135234
DC950;A;D-50;;;0.442406;0.160018
DC950;A;U-15;;;;0.092489
DC950;A;U-35;;;;0.131677
DC950;A;U-50;;;;0.155399
DC950;A;ZERO;;;;0.068416
DC950;D;15;0.010507;0.471774;;0.092489
DC950;D;5;0.012098;0.489900;;0.084985
DC950;D;INTR;;;;0.076701
DC950;D;ZERO;;;;0.068416
DC95HW;A;5;;;;0.084985
DC95HW;A;D-35;;;0.468147;0.135234
DC95HW;A;D-50;;;0.442406;0.160018
DC95HW;A;U-15;;;;0.092489
DC95HW;A;U-35;;;;0.131677
DC95HW;A;U-50;;;;0.155399
DC95HW;A;ZERO;;;;0.068416
DC95HW;D;15;0.010507;0.471774;;0.092489
DC95HW;D;5;0.012098;0.489900;;0.084985
DC95HW;D;INTR;;;;0.076701
DC95HW;D;ZERO;;;;0.068416
DC9Q7;A;5;;;;0.077570
DC9Q7;A;D-35;;;0.480101;0.134177
DC9Q7;A;D-50;;;0.445486;0.157948
DC9Q7;A;U-15;;;;0.087963
DC9Q7;A;U-35;;;;0.130625
DC9Q7;A;U-50;;;;0.153365
DC9Q7;A;ZERO;;;;0.075935
DC9Q7;D;15;0.010618;0.477234;;0.087963
DC9Q7;D;5;0.012996;0.495570;;0.077570
DC9Q7;D;INT;;;;0.076753
DC9Q7;D;ZERO;;;;0.075935
DC9Q9;A;5;;;;0.084985
DC9Q9;A;D-35;;;0.470211;0.135075
DC9Q9;A;D-50;;;0.438965;0.165052
DC9Q9;A;U-15;;;;0.092489
DC9Q9;A;U-35;;;;0.131559
DC9Q9;A;U-50;;;;0.155925
DC9Q9;A;ZERO;;;;0.068416
DC9Q9;D;15;0.010507;0.471774;;0.092489
DC9Q9;D;5;0.012098;0.489900;;0.084985
DC9Q9;D;INT;;;;0.076701
DC9Q9;D;ZERO;;;;0.068416
DHC6;A;D-INTR;;;;0.125975
DHC6;A;D-L;;;0.577068;0.176949
DHC6;A;INTR;;;;0.090222
DHC6;A;ZERO;;;;0.075000
DHC6;D;INTR;;;;0.090222
DHC6;D;TO;0.031032;0.787095;;0.105443
DHC6;D;ZERO;;;;0.075000
DHC6QP;A;D-INTR;;;;0.125975
DHC6QP;A;D-L;;;0.577068;0.176949
DHC6QP;A;INTR;;;;0.090222
DHC6QP;A;ZERO;;;;0.075000
DHC6QP;D;INTR;;;;0.090222
DHC6QP;D;TO;0.031032;0.787095;;0.105443
DHC6QP;D;ZERO;;;;0.075000
DHC7;A;10;;;;0.117133
DHC7;A;D-25;;;0.513530;0.127688
DHC7;A;D-INTR;;;;0.117133
DHC7;A;ZERO;;;;0.075000
DHC7;D;10;;;;0.117133
DHC7;D;25;0.009556;0.466702;;0.159266
DHC7;D;ZERO;;;;0.075000
DHC8;A;5;;;;0.078080
DHC8;A;D-15;;;0.549690;0.092335
DHC8;A;D-35;;;0.509610;0.100860
DHC8;A;D-5;;;0.601230;0.087745
DHC8;A;U-15;;;;0.080204
DHC8;A;U-5;;;;0.073647
DHC8;A;ZERO;;;;0.072424
DHC8;D;15;0.017361;0.566680;;0.085190
DHC8;D;5;0.017289;0.613420;;0.078080
DHC8;D;ZERO;;;;0.072424
DHC830;A;10;;;;0.076309
DHC830;A;D-10;;;0.629860;0.091024
DHC830;A;D-15;;;0.601230;0.094958
DHC830;A;D-35;;;0.555420;0.103483
DHC830;A;U-10;;;;0.079221
DHC830;A;U-15;;;;0.084139
DHC830;A;ZERO;;;;0.068308
DHC830;D;10;0.015165;0.570532;;0.076309
DHC830;D;15;0.014403;0.549595;;0.080292
DHC830;D;5;0.017836;0.617640;;0.070652
DHC830;D;INT;0.019987;0.659514;;0.067572
DHC830;D;ZERO;;;;0.068308
DO228;A;F30APP;;;0.758850;0.119110
DO228;A;ZERO-A;;;;0.107170
DO228;D;FLAPS1;0.021960;0.804010;;0.090420
DO228;D;ZERO;0.027450;0.863880;;0.107170
DO228;D;ZERO-C;;;;0.144590
DO228;D;ZERO-T;;;;0.092180
DO328;A;F32APP;;;0.638000;0.096100
DO328;A;ZERO-A;;;;0.091600
DO328;D;F12-D;0.016000;0.666000;;0.066400
DO328;D;ZERO;;;;0.091600
DO328;D;ZERO-C;;;;0.120600
ECLIPSE500;A;A_A_DN;;;1.273746;0.133462
ECLIPSE500;A;A_T_DN;;;;0.178304
ECLIPSE500;D;TO_DN;0.100203;1.381422;;0.105314
ECLIPSE500;D;TO_UP;;1.381422;;0.086185
ECLIPSE500;D;UP_DN;;1.690947;;0.103009
ECLIPSE500;D;UP_UP;;1.690947;;0.073313
EMB120;A;15;;;;0.101400
EMB120;A;D-25;;;0.837000;0.080100
EMB120;A;D-45;;;0.782000;0.130500
EMB120;A;ZERO;;;;0.083400
EMB120;D;15;0.029700;0.820000;;0.101400
EMB120;D;ZERO;;0.929000;;0.083400
EMB145;A;D-22;;;0.683600;0.129100
EMB145;A;D-45;;;0.681100;0.180900
EMB145;A;ZERO;;;;0.069100
EMB145;D;9;;0.650300;;0.082500
EMB145;D;9-GEAR;0.021800;0.656200;;0.104800
EMB145;D;ZERO;;;;0.069100
EMB14L;A;D-22;;;0.683600;0.129100
EMB14L;A;D-45;;;0.681100;0.180900
EMB14L;A;ZERO;;;;0.069400
EMB14L;D;9;;0.650300;;0.083000
EMB14L;D;9-GEAR;0.021200;0.656200;;0.083000
EMB14L;D;ZERO;;;;0.069400
EMB170;A;FULL;;;0.498900;0.145550
EMB170;D;1;0.015720;0.579870;;0.076830
EMB170;D;ZERO;;;;0.066180
EMB175;A;FULL;;;0.498200;0.145800
EMB175;D;1;0.015900;0.578990;;0.077300
EMB175;D;ZERO;;;;0.066000
EMB190;A;FULL;;;0.434400;0.137100
EMB190;D;1;0.012300;0.494610;;0.082600
EMB190;D;ZERO;;;;0.066400
EMB195;A;FULL;;;0.433600;0.137400
EMB195;D;1;0.012200;0.494520;;0.083100
EMB195;D;ZERO;;;;0.067400
F10062;A;D-42;;;0.473100;0.156500
F10062;A;INT2;;;;0.090400
F10062;A;TO;;;;0.068300
F10062;A;U-INT;;;;0.112400
F10062;D;INT2;;;;0.090400
F10062;D;TO;0.012200;0.516200;;0.068300
F10062;D;ZERO;;;;0.068300
F10065;A;D-42;;;0.473100;0.156500
F10065;A;INT2;;;;0.091100
F10065;A;TO;;;;0.069300
F10065;A;U-INT;;;;0.112900
F10065;D;INT2;;;;0.091100
F10065;D;TO;0.012300;0.521000;;0.069300
F10065;D;ZERO;;;;0.069300
F28MK2;A;D-42;;;0.533400;0.167700
F28MK2;A;INT2;;;;0.103300
F28MK2;A;U-INTR;;;;0.124800
F28MK2;A;ZERO;;;;0.081900
F28MK2;D;6;0.017100;0.602700;;0.079300
F28MK2;D;INT2;;;;0.103300
F28MK2;D;ZERO;;;;0.081900
F28MK4;A;D-42;;;0.514900;0.161900
F28MK4;A;INT2;;;;0.097100
F28MK4;A;U-INTR;;;;0.118700
F28MK4;A;ZERO;;;;0.075500
F28MK4;D;6;0.015150;0.573100;;0.074900
F28MK4;D;INT2;;;;0.097100
F28MK4;D;ZERO;;;;0.075500
FAL20;A;D-25;;;0.804634;0.117238
FAL20;A;D-40;;;0.792624;0.136348
FAL20;A;INTR;;;;0.084391
FAL20;A;ZERO;;;;0.070000
FAL20;D;10;0.035696;0.807797;;0.098781
FAL20;D;INTR;;;;0.084391
FAL20;D;ZERO;;;;0.070000
GII;A;L-0-U;;;;0.075100
GII;A;L-10-U;;;;0.085200
GII;A;L-20-D;;;;0.113800
GII;A;L-39-D;;;0.582200;0.174200
GII;D;T-0-U;;;;0.081400
GII;D;T-10-U;;;;0.088400
GII;D;T-20-D;0.020000;0.634000;;0.115900
GIIB;A;L-0-U;;;;0.072200
GIIB;A;L-10-U;;;;0.073500
GIIB;A;L-20-D;;;;0.109100
GIIB;A;L-39-D;;;0.562984;0.150900
GIIB;D;T-0-U;;;;0.073800
GIIB;D;T-10-U;;;;0.072900
GIIB;D;T-20-D;0.016200;0.583000;;0.106300
GIV;A;L-0-U;;;;0.060000
GIV;A;L-20-D;;;;0.106300
GIV;A;L-39-D;;;0.580500;0.140300
GIV;D;T-0-U;;;;0.058600
GIV;D;T-10-U;;;;0.066600
GIV;D;T-20-D;0.014600;0.579800;;0.103500
GIV;D;T-20-U;;;;0.079700
GV;A;L-0-U;;;;0.061700
GV;A;L-20-D;;;;0.097400
GV;A;L-20-U;;;;0.074900
GV;A;L-39-D;;;0.490800;0.132800
GV;D;T-0-U;;;;0.058000
GV;D;T-10-U;;;;0.060600
GV;D;T-20-D;0.011780;0.516000;;0.095300
GV;D;T-20-U;;;;0.074300
HS748A;A;D-30;;;0.458130;0.138490
HS748A;A;D-INTR;;;;0.106745
HS748A;A;INTR;;;;0.088176
HS748A;A;ZERO;;;;0.075000
HS748A;D;INTR;;;;0.088176
HS748A;D;TO;0.012271;0.542574;;0.101351
HS748A;D;ZERO;;;;0.075000
IA1125;A;D-40;;;0.967478;0.136393
IA1125;A;D-INTR;;;;0.118618
IA1125;A;INTR;;;;0.085422
IA1125;A;ZERO;;;;0.070000
IA1125;D;12;0.040745;0.963488;;0.100843
IA1125;D;INTR;;;;0.085422
IA1125;D;ZERO;;;;0.070000
L1011;A;10;;;;0.093396
L1011;A;D-33;;;0.286984;0.137671
L1011;A;D-42;;;0.256389;0.155717
L1011;A;ZERO;;;;0.062430
L1011;D;10;0.004561;0.265314;;0.093396
L1011;D;22;0.004759;0.251916;;0.105083
L1011;D;INTR;;;;0.079590
L1011;D;ZERO;;;;0.062430
L10115;A;10;;;;0.093396
L10115;A;D-33;;;0.262728;0.140162
L10115;A;D-42;;;0.256123;0.155644
L10115;A;ZERO;;;;0.062430
L10115;D;10;0.004499;0.265314;;0.093396
L10115;D;22;0.004695;0.251916;;0.105083
L10115;D;INTR;;;;0.079590
L10115;D;ZERO;;;;0.062430
L188;A;D-100;;;0.436792;0.174786
L188;A;D-78-%;;;0.456156;0.122326
L188;A;INTR;;;;0.120987
L188;A;ZERO;;;;0.082000
L188;D;39-%;0.009995;0.420533;;0.142992
L188;D;78-%;0.010265;0.404302;;0.159974
L188;D;INTR;;;;0.120987
L188;D;ZERO;;;;0.082000
LEAR25;A;10;;;;0.096670
LEAR25;A;D-40;;;1.282390;0.176632
LEAR25;A;D-INTR;;;;0.149986
LEAR25;A;ZERO;;;;0.070000
LEAR25;D;10;;;;0.096670
LEAR25;D;20;0.082866;1.273730;;0.123340
LEAR25;D;ZERO;;;;0.070000
LEAR35;A;10;;;;0.089112
LEAR35;A;D-40;;;1.087560;0.150688
LEAR35;A;D-INTR;;;;0.129456
LEAR35;A;ZERO;;;;0.070000
LEAR35;D;10;;;;0.089112
LEAR35;D;20;0.043803;1.059850;;0.108224
LEAR35;D;ZERO;;;;0.070000
MD11GE;D;0/EXT;;;;0.069200
MD11GE;D;0/RET;;;;0.055100
MD11GE;D;10;0.003812;0.264800;;0.084300
MD11GE;D;15;0.003625;0.257800;;0.089100
MD11GE;D;20;0.003509;0.252400;;0.094700
MD11GE;D;25;0.003443;0.248100;;0.101600
MD11GE;D;ZERO;;;;0.055100
MD11PW;D;0/EXT;;;;0.069100
MD11PW;D;0/RET;;;;0.055120
MD11PW;D;10;0.003829;0.265000;;0.084250
MD11PW;D;15;0.003675;0.257600;;0.088770
MD11PW;D;20;0.003545;0.252600;;0.094720
MD11PW;D;25;0.003494;0.248700;;0.101800
MD11PW;D;ZERO;;;;0.055120
MD81;D;11;0.009276;0.424700;;0.077190
MD81;D;INT1;;;;0.076430
MD81;D;INT2;;;;0.063130
MD81;D;INT3;;;;0.061560
MD81;D;INT4;;;;0.063660
MD81;D;T_15;0.009369;0.420798;;0.085700
MD81;D;T_INT;;;;0.070100
MD81;D;T_ZERO;;;;0.061000
MD81;D;ZERO;;;;0.067610
MD82;D;11;0.009248;0.423600;;0.079690
MD82;D;INT1;;;;0.076250
MD82;D;INT2;;;;0.063370
MD82;D;INT3;;;;0.061960
MD82;D;INT4;;;;0.063400
MD82;D;T_15;0.009267;0.420216;;0.086000
MD82;D;T_INT;;;;0.065000
MD82;D;T_ZERO;;;;0.061000
MD82;D;ZERO;;;;0.066430
MD83;D;11;0.009301;0.422700;;0.079800
MD83;D;INT1;;;;0.076660
MD83;D;INT2;;;;0.066400
MD83;D;INT3;;;;0.062470
MD83;D;INT4;;;;0.062360
MD83;D;T_15;0.009384;0.420307;;0.086000
MD83;D;T_INT;;;;0.066400
MD83;D;T_ZERO;;;;0.061100
MD83;D;ZERO;;;;0.065730
MD9025;A;D-28;;;0.411800;0.118100
MD9025;A;D-40;;;0.400300;0.141200
MD9025;A;U-0;;;0.474400;0.087600
MD9025;D;EXT/06;0.010708;0.458611;;0.070601
MD9025;D;EXT/11;0.009927;0.441118;;0.073655
MD9025;D;EXT/18;0.009203;0.421346;;0.083277
MD9025;D;EXT/24;0.008712;0.408301;;0.090279
MD9025;D;RET/0;;;;0.051860
MD9028;A;D-28;;;0.411800;0.118100
MD9028;A;D-40;;;0.400300;0.141200
MD9028;A;U-0;;;0.474400;0.087600
MD9028;D;EXT/06;0.010993;0.463088;;0.070248
MD9028;D;EXT/11;0.010269;0.446501;;0.072708
MD9028;D;EXT/18;0.009514;0.426673;;0.082666
MD9028;D;EXT/24;0.008991;0.413409;;0.090018
MD9028;D;RET/0;;;;0.050250
MU3001;A;1;;;;0.081880
MU3001;A;D-30;;;1.073080;0.147487
MU3001;A;D-INTR;;;;0.114684
MU3001;A;ZERO;;;;0.070000
MU3001;D;1;0.065703;1.152900;;0.081880
MU3001;D;10;0.055318;1.072900;;0.092850
MU3001;D;ZERO;;;;0.070000
PA30;A;27-A;;;1.316667;0.104586
PA30;A;ZERO-A;;;;0.078131
PA30;D;15-D;0.100146;1.166667;;0.154071
PA30;D;ZERO-D;;;;0.067504
PA42;A;30-DN;;;1.092130;0.146790
PA42;A;ZERO-A;;;;0.087856
PA42;D;ZER-DN;0.067960;1.011055;;0.080880
PA42;D;ZERO;;;;0.087856
PA42;D;ZERO-C;;;;0.139096
PA42;D;ZERO-T;;;;0.076510
SD330;A;D-15;;;0.746802;0.109263
SD330;A;D-35;;;0.702872;0.143475
SD330;A;INTR;;;;0.106596
SD330;A;ZERO;;;;0.075000
SD330;D;10;0.031762;0.727556;;0.138193
SD330;D;INTR;;;;0.106596
SD330;D;ZERO;;;;0.075000
SF340;A;5;;;;0.105831
SF340;A;D-35;;;0.756740;0.147912
SF340;A;D-INTR;;;;0.111456
SF340;A;ZERO;;;;0.075000
SF340;D;15;0.026303;0.746174;;0.136662
SF340;D;5;;;;0.105831
SF340;D;ZERO;;;;0.075000
