# Boundary comparisons that keep their shape on purpose, each with the reason.
#
# Read by scripts/check_boundary_comparisons.py, which refuses a computed
# decimal compared unsettled with a printed limit or with zero (see its
# docstring for the rule and for what it cannot see). Every line below is a
# comparison of that shape that cannot sit on its limit, or whose outcome does
# not change there, and says why. A line that no longer matches a comparison
# fails the guard, so the list cannot outlive what it excuses.
#
# The reasons marked "(recorded with the fix)" are the ones recorded site by
# site when the class was settled; the others were reviewed when this check
# was written. Nothing belongs here because settling is
# inconvenient: a comparison that can sit on a printed limit is settled
# through phonometry._internal.boundary instead.
#
# One entry per line, four tab-separated fields: the file below
# src/phonometry, the enclosing function as Class.method, the comparison as
# written (whitespace collapsed), and the reason. A line excuses one
# comparison: a function that writes the same comparison twice lists it
# twice, so a third copy added later is refused.
_internal/rays.py	_advance_one_step_sloping	h > 0.0	numerical algorithm internal (the range left to a ray in the integrator step, set to exactly 0 once spent), no verdict
_internal/rays.py	_advance_one_step_sloping	h > 0.0	numerical algorithm internal (the range left to a ray in the integrator step, set to exactly 0 once spent), no verdict
aircraft/airport_noise.py	_attenuation_geometry	q < 0.0	ECAC Doc 29: behind or ahead of a segment the end-point geometry is used, which agrees with the segment's at its ends
aircraft/airport_noise.py	_event_level_core	length <= 0.0	numerical algorithm or signal-analysis internal (solver, bracket, grid, interpolation, band selection) (recorded with the fix)
aircraft/airport_noise.py	_event_level_core	q < 0.0	numerical algorithm or signal-analysis internal (solver, bracket, grid, interpolation, band selection) (recorded with the fix)
aircraft/airport_noise.py	_grid_lateral_attenuation	beta_att <= _BETA_CUTOFF_DEG	ECAC Doc 29 Eq. 4-18/4-19: the pieces meet at 914 m and at 0 and 50 degrees to the printed digits, so no value jumps there; the angle carries an arctangent
aircraft/airport_noise.py	_grid_lateral_attenuation	ell_att <= _ELL_SAT_M	ECAC Doc 29 Eq. 4-18/4-19: the pieces meet at 914 m and at 0 and 50 degrees to the printed digits, so no value jumps there; the angle carries an arctangent
aircraft/airport_noise.py	_grid_segment_level	v_seg <= 0.0	guard that raises on a degenerate or invalid derived input, not a printed limit (recorded with the fix)
aircraft/airport_noise.py	_grid_sor	dsor > _DSOR0_M	numerical algorithm or signal-analysis internal (solver, bracket, grid, interpolation, band selection) (recorded with the fix)
aircraft/airport_noise.py	_segment_angles	0.0 <= q <= length	ECAC Doc 29 segment geometry: either side of a segment end the angle formulas agree, the perpendicular foot being the end there; the sign picks the side of an observer level with the path
aircraft/airport_noise.py	_segment_angles	z_foot >= 0.0	ECAC Doc 29 segment geometry: either side of a segment end the angle formulas agree, the perpendicular foot being the end there; the sign picks the side of an observer level with the path
aircraft/airport_noise.py	_segment_angles	z_foot >= 0.0	ECAC Doc 29 segment geometry: either side of a segment end the angle formulas agree, the perpendicular foot being the end there; the sign picks the side of an observer level with the path
aircraft/airport_noise.py	_segment_angles	z_near >= 0.0	ECAC Doc 29 segment geometry: either side of a segment end the angle formulas agree, the perpendicular foot being the end there; the sign picks the side of an observer level with the path
aircraft/airport_noise.py	_segment_geometry	q < 0.0	numerical algorithm or signal-analysis internal (solver, bracket, grid, interpolation, band selection) (recorded with the fix)
aircraft/airport_noise.py	_segment_speed	v_seg <= 0.0	guard that raises on a degenerate or invalid derived input, not a printed limit (recorded with the fix)
aircraft/atmospheric_absorption.py	_sae_band	delta_t < _SPLIT_DB	SAE ARP 866B band conversion: the two pieces meet at 150 dB to the printed digits, and the pure-tone attenuation carries exponentials
aircraft/certification.py	_tone_factor	excess < _MIN_TONE_EXCESS_DB	ICAO Annex 16 App. 2 Table A2-2: the pieces meet at 1,5, 3 and 20 dB, so no factor jumps there (recorded with the fix)
aircraft/certification.py	_tone_factor	excess < _TONE_EXCESS_KNEE_DB	ICAO Annex 16 App. 2 Table A2-2: the pieces meet at 1,5, 3 and 20 dB, so no factor jumps there (recorded with the fix)
aircraft/certification.py	_tone_factor	excess < _TONE_EXCESS_KNEE_DB	ICAO Annex 16 App. 2 Table A2-2: the pieces meet at 1,5, 3 and 20 dB, so no factor jumps there (recorded with the fix)
aircraft/certification.py	_tone_factor	excess < _TONE_EXCESS_SATURATION_DB	ICAO Annex 16 App. 2 Table A2-2: the pieces meet at 1,5, 3 and 20 dB, so no factor jumps there (recorded with the fix)
aircraft/certification.py	_tone_factor	excess < _TONE_EXCESS_SATURATION_DB	ICAO Annex 16 App. 2 Table A2-2: the pieces meet at 1,5, 3 and 20 dB, so no factor jumps there (recorded with the fix)
aircraft/flight_performance.py	Aerodrome.pressure_ratio	bracket <= 0.0	the domain of the ISA pressure-altitude law, whose bracket reaches zero far above any aerodrome; not a printed limit
aircraft/flight_performance.py	_approach_distance_ft	drop_ft <= 0.0	guard that raises on a degenerate or invalid derived input, not a printed limit: a descending step that does not start above the step below it
aircraft/flight_performance.py	_climb_point	0.0 < sin_gamma < 1.0	guard that raises on a degenerate or invalid derived input, not a printed limit (recorded with the fix)
aircraft/rotorcraft_propagation.py	_upper_hull	(v[0] - u[0]) * (pt[1] - u[1]) - (v[1] - u[1]) * (pt[0] - u[0]) >= 0.0	numerical algorithm or signal-analysis internal (solver, bracket, grid, interpolation, band selection) (recorded with the fix)
aircraft/rotorcraft_propagation.py	diffraction_attenuation	arg >= 1.0	continuous (log10 of 1 is 0) (recorded with the fix)
building/measurement/flanking_transmission.py	_detect_band_type	ratio > _OCTAVE_STEP_THRESHOLD	operands are inputs, table rows or continuous branches (recorded with the fix)
building/measurement/flanking_transmission.py	_validate_octave_triples	abs(mid - nearest) <= 0.06 * nearest	operands are inputs, table rows or continuous branches (recorded with the fix)
building/measurement/floor_covering_improvement.py	_rating_slice	np.abs(frequencies - target) <= 0.06 * target	operands are inputs, table rows or continuous branches (recorded with the fix)
building/measurement/heavy_impact.py	HeavyImpactSourceCheck.within_tolerance	np.abs(self.deviation) <= self.tolerance	ISO 16283-2 Table A.1 and JIS A 1418-2: every nominal level and every tolerance of both sources is a multiple of 0,5 dB, so a reading on the edge, the nominal plus or minus the tolerance, is exact in binary and so is its difference from the nominal
building/measurement/intensity_insulation.py	combine_subareas	energy <= 0.0	guard that raises on a degenerate or invalid derived input, not a printed limit (recorded with the fix)
building/measurement/lab_improvement.py	_band_indices	np.abs(frequencies_hz - target) <= 0.06 * target	operands are inputs, table rows or continuous branches (recorded with the fix)
building/measurement/rainfall_sound.py	_band_indices	np.abs(frequencies_hz - target) <= _BAND_MATCH * target	the library's own tolerance for matching a given centre frequency to a nominal band, not a printed limit; a frequency on its edge is no centre of the series either way
building/prediction/ceiling_plenum.py	_require_transmission_factor	worst > 1.0	a transmission factor through 10^(-R/10) checked against the unit bound of its model; carries a transcendental factor (a power, an exponential, a root or pi), so it cannot sit on a printed decimal
building/prediction/panel_transmission.py	_orthotropic_tau.azimuth	0.0 < resonance < upper	operands are inputs, table rows or continuous branches (recorded with the fix)
building/prediction/panel_transmission.py	_resolve_plateau_panel	ratio <= 1.0	a refusal of a frequency ratio of 1 or less, a domain guard of the plateau construction; the ratio is a printed row or the caller's
building/regulation/spain.py	_match_bands	np.abs(frequencies - target) <= _BAND_TOLERANCE * target	the library's own tolerance for matching a given centre frequency to a nominal band, not a printed limit; a frequency on its edge is no centre of the series either way
electroacoustics/headphones.py	check_limiting_test_signal	centre * _THIRD_OCTAVE_EDGE < nyquist	the limit is a power of 2^(1/n), irrational, which no decimal quantity can equal (a band edge at 2^(1/6) of its centre)
electroacoustics/induction_loop_components.py	_crossings	y0 < 0.0	zero crossings of a response less a level, interpolated: a sample on the level gives the crossing at that sample from either side
electroacoustics/induction_loop_components.py	_crossings	y1 < 0.0	zero crossings of a response less a level, interpolated: a sample on the level gives the crossing at that sample from either side
electroacoustics/microphone.py	_resolve_polar	float(np.max(_fold_angles_deg(p_ang))) >= _MIN_POLAR_SPAN_DEG	numerical algorithm or signal-analysis internal (solver, bracket, grid, interpolation, band selection) (recorded with the fix)
electroacoustics/programme_signal.py	_nominal_band	1.0 / _BAND_MATCH_RATIO < ratio < _BAND_MATCH_RATIO	the limit is a power of 2^(1/n), irrational, which no decimal quantity can equal (2^(1/24) either side of a nominal centre)
emission/free_field_qualification.py	_equally_spaced	step <= 0.0	operands are inputs, table rows or continuous branches (recorded with the fix)
emission/free_field_qualification.py	_search_origin	float(step.max()) < _ORIGIN_RESOLUTION_M	numerical algorithm internal (a search, a bracket, a series switch, a degenerate fit), no verdict
emission/intensity.py	_expected_total_intensity_level	abs(total_intensity) <= 0.0	an exact-zero test of a total that restates a level of minus infinity; not a printed limit
emission/intensity.py	_finite_difference_correction	kd > 0.0	operands are inputs, table rows or continuous branches (recorded with the fix)
emission/intensity.py	sound_intensity	intensity >= 0.0	the reported direction of a measured band intensity; a quantity of a measured signal (spectra, level histories, correlations, fits), not a decimal reading a user types
emission/intensity.py	sound_intensity	total_i >= 0.0	reported direction of a total intensity, no printed limit (recorded with the fix)
emission/intensity_compliance.py	_match_band	abs(nearest / frequency - 1.0) > _BAND_MATCH_TOLERANCE	the library's own tolerance for matching a given centre frequency to a nominal band, not a printed limit; a frequency on its edge is no centre of the series either way
emission/sound_power.py	_static_pressure_at_altitude	1.0 - _ALTITUDE_A_PER_M * altitude <= 0.0	the domain of the printed barometric power law, which reaches zero near 44 km, no test-site altitude; not a printed limit
emission/sound_power_high_frequency.py	room_constant_from_air_absorption	mean_absorption >= 1.0	guard that raises on a degenerate or invalid derived input, not a printed limit (recorded with the fix)
emission/sound_power_in_situ.py	static_pressure_from_altitude	base <= 0.0	the domain of the printed barometric power law, which reaches zero near 44 km, no test-site altitude; not a printed limit
emission/sound_power_intensity.py	PrecisionCriteria.criterion_3	difference <= _F_PI_DIFF_LIMIT	difference of two indicators of the same data (recorded with the fix)
emission/sound_power_intensity_points.py	_confidence_interval	1.0 - spread > 0.0	quantity through logs, powers, fits or signal analysis; not decimal-reachable (recorded with the fix)
emission/sound_power_intensity_points.py	_nominal_band	abs(nearest / frequency - 1.0) > _BAND_MATCH_TOLERANCE	the library's own tolerance for matching a given centre frequency to a nominal band, not a printed limit; a frequency on its edge is no centre of the series either way
emission/sound_power_plant.py	_ray_hits	t <= 1.0	operands are inputs, table rows or continuous branches (recorded with the fix)
emission/sound_power_plant.py	_walk	_signed_area(contour) > 0.0	operands are inputs, table rows or continuous branches (recorded with the fix)
emission/sound_power_special_room.py	SpecialRoomSurfaceCheck.surface_ratio	mean > 0.0	operands are inputs, table rows or continuous branches (recorded with the fix)
environment/assessment/exposure_distribution.py	_levels_and_probabilities	abs(total - 1.0) > _PROBABILITY_SUM_TOLERANCE	the library's own tolerance on probabilities that should add up to one, not a printed limit
environment/assessment/impulsive_sound.py	_merge_runs	0.0 <= gap <= MERGE_GAP	the gap between two onsets on the time grid of a measured level history; a quantity of a measured signal (spectra, level histories, correlations, fits), not a decimal reading a user types
environment/assessment/impulsive_sound.py	_merge_runs	end_slope > ONSET_GRADIENT_LIMIT	onset slopes of measured level histories (recorded with the fix)
environment/assessment/impulsive_sound.py	_merge_runs	start_slope > ONSET_GRADIENT_LIMIT	operands are inputs, table rows or continuous branches (recorded with the fix)
environment/assessment/impulsive_sound.py	_raw_runs	gradient > ONSET_GRADIENT_LIMIT	onset rates of a measured level history; a quantity of a measured signal (spectra, level histories, correlations, fits), not a decimal reading a user types
environment/assessment/impulsive_sound.py	ImpulseOnset.prominence	self.onset_rate > 0.0	operands are inputs, table rows or continuous branches (recorded with the fix)
environment/assessment/impulsive_sound.py	ImpulseOnset.qualifies	self.onset_rate > ONSET_GRADIENT_LIMIT	operands are inputs, table rows or continuous branches (recorded with the fix)
environment/assessment/soundscape.py	SoundscapeCorrelation.__post_init__	-1.0 <= self.coefficient <= 1.0	range checks of a correlation coefficient and a probability of the data, invariants of the result, not printed limits
environment/assessment/soundscape.py	SoundscapeCorrelation.__post_init__	0.0 <= self.p_value <= 1.0	range checks of a correlation coefficient and a probability of the data, invariants of the result, not printed limits
environment/assessment/soundscape.py	_significance	residual <= 0.0	a Pearson coefficient of rating data, a ratio of sums through a square root; the branch picks the infinite statistic of a perfect correlation
environment/assessment/soundscape_binaural.py	_check_recording	duration_s < _MINIMUM_INTERVAL_S	a count of samples over a sampling rate: one correctly rounded division of exact numbers, equal to the printed value when it is
environment/assessment/soundscape_binaural.py	_check_recording	fs < _MINIMUM_FS_HZ	the sampling rate the record was given at, compared as given
environment/assessment/wind_turbine_modulation.py	_nominal_index	np.abs(frequencies - centre) <= _NOMINAL_MATCH * centre	the library's own tolerance for matching a given centre frequency to a nominal band, not a printed limit; a frequency on its edge is no centre of the series either way
environment/assessment/wind_turbine_receptor.py	upper_tone_search_frequency	attenuation >= _TONE_SEARCH_ATTENUATION_DB	ISO 9613-1 attenuation is transcendental (recorded with the fix)
environment/propagation/barrier_reflection.py	_warn_gain	abs(gain - 1.0) > _GAIN_WARNING	gain of measured signals (recorded with the fix)
environment/propagation/barrier_reflection.py	reflection_low_frequency_limit	length / 2.0 <= spacing	guard that raises on an invalid derived input, not a printed limit (recorded with the fix)
environment/propagation/barrier_reflection.py	reflection_low_frequency_limit	source - spacing <= 0.0	the source height is the caller's or half the device height, and halving is exact in binary, so the difference with the grid spacing has an exact sign
environment/propagation/noise_reducing_devices.py	sound_reflection_rating	ratio <= 0.0	guard that raises on a degenerate or invalid derived input, not a printed limit (recorded with the fix)
environment/propagation/outdoor_propagation.py	_mean_ground_factor	covered > 0.0	operands are inputs, table rows or continuous branches (recorded with the fix)
environment/sources/acoustic_roughness.py	_remove_one_pass	second[centre] >= _SPIKE_CURVATURE_UM_PER_M2	operands are inputs, table rows or continuous branches (recorded with the fix)
environment/sources/acoustic_roughness.py	_spike_edges	abs(first[centre + right]) >= _SPIKE_EDGE_SLOPE_UM_PER_M	slopes of a measured roughness record found by the spike-removal search; a quantity of a measured signal (spectra, level histories, correlations, fits), not a decimal reading a user types
environment/sources/acoustic_roughness.py	_spike_edges	abs(first[centre - left]) >= _SPIKE_EDGE_SLOPE_UM_PER_M	slopes of a measured roughness record found by the spike-removal search; a quantity of a measured signal (spectra, level histories, correlations, fits), not a decimal reading a user types
environment/sources/wind_turbine.py	_critical_band_edges	_LOW_FREQ_MIN <= f <= _LOW_FREQ_MAX	operands are inputs, table rows or continuous branches (recorded with the fix)
environment/sources/wind_turbine.py	_positive	scalar <= 0.0	a positivity check of the speeds, distances and levels the module passes it; a domain guard, not a printed limit
environment/sources/wind_turbine.py	wind_turbine_tonality	fc < _LOW_FREQ_MIN	guard that raises on a degenerate or invalid derived input, not a printed limit (recorded with the fix)
filters/_weighting_design.py	fit_prototype	best[0] > _FIT_FAILED_DB	numerical algorithm or signal-analysis internal (solver, bracket, grid, interpolation, band selection) (recorded with the fix)
filters/frequencies.py	_infer_band_fraction	float(freq[1] / freq[0]) > _OCTAVE_SPACING_MIN_RATIO	numerical algorithm or signal-analysis internal (solver, bracket, grid, interpolation, band selection) (recorded with the fix)
fluids/air.py	air	water >= 1.0	guard that raises on a degenerate or invalid derived input, not a printed limit (recorded with the fix)
hearing/active_noise_reduction.py	AnrLinearityResult.linear_to_110_db	abs(top - _MAXIMUM_EXTERNAL_LEVEL_DB) <= _STEP_READING_DB	raw top level against 110 dB +- 0,5 dB, exact (recorded with the fix)
hearing/earmuff_insertion_loss.py	InsertionLossUncertaintyBudget.__post_init__	value < 0.0	guard that raises on a degenerate or invalid derived input, not a printed limit (recorded with the fix)
io/_write.py	build_wav_header	riff_payload <= _RF64_SIZE_SENTINEL	numerical algorithm or signal-analysis internal (solver, bracket, grid, interpolation, band selection) (recorded with the fix)
materials/absorbers/airflow_resistance.py	_warn_alternating_validity	ratio_term >= _ALT_VALIDITY_LIMIT	the ratio term carries 10^(dL/20) of two levels; carries a transcendental factor (a power, an exponential, a root or pi), so it cannot sit on a printed decimal
materials/absorbers/biot.py	_stack_surface_impedance	scale > 0.0	numerical algorithm internal (row equilibration of a linear system), no verdict
materials/absorbers/porous.py	_warn_fit_range	x < lo	an extrapolation warning of an empirical fit; X carries the density of air of Annex F, and f/sigma of band frequencies and flow resistivities, whole or half numbers, is one correctly rounded division
materials/absorbers/porous.py	_warn_fit_range	x > hi	an extrapolation warning of an empirical fit; X carries the density of air of Annex F, and f/sigma of band frequencies and flow resistivities, whole or half numbers, is one correctly rounded division
materials/absorbers/slow_sound.py	critical_coupling_design	alpha > _PERFECT_ABSORPTION_THRESHOLD	numerical algorithm or signal-analysis internal (solver, bracket, grid, interpolation, band selection) (recorded with the fix)
materials/diffusers/scattering_diffusion.py	directional_diffusion_coefficient	weighted_energy_sq <= 0.0	guard that raises on a degenerate or invalid derived input, not a printed limit (recorded with the fix)
materials/diffusers/scattering_diffusion.py	random_incidence_diffusion	total <= 0.0	guard that raises on a degenerate or invalid derived input, not a printed limit (recorded with the fix)
metrology/conformance.py	ConformanceVerification.share_of_acceptance_limit	share > 1.0	operands are inputs, table rows or continuous branches (recorded with the fix)
metrology/data_qualification.py	PeakStatisticsResult.__post_init__	np.diff(values) < 0.0	monotonicity of peak values the module takes from a record; a quantity of a measured signal (spectra, level histories, correlations, fits), not a decimal reading a user types
metrology/data_qualification.py	_acceptance_region	np.abs(seq - median) > 0.0	the median of an even count is the mean of the two middle values, and a value can equal it only when those two are equal, where the mean is exact
metrology/data_qualification.py	_null_trend_mean	np.abs(seq - median) > 0.0	the median of an even count is the mean of the two middle values, and a value can equal it only when those two are equal, where the mean is exact
metrology/data_qualification.py	_trend_test_runs	np.abs(values - median) > 0.0	the median of an even count is the mean of the two middle values, and a value can equal it only when those two are equal, where the mean is exact
metrology/random_incidence.py	DirectivityFactor.__post_init__	self.gamma > 0.0	a positivity guard on a directivity factor of energy sums; carries a transcendental factor (a power, an exponential, a root or pi), so it cannot sit on a printed decimal
metrology/random_incidence.py	_warn_if_coarse	largest > _LARGEST_ELEMENT_LIMIT	the largest element of a sphere division, a solid angle through sines; carries a transcendental factor (a power, an exponential, a root or pi), so it cannot sit on a printed decimal
metrology/reciprocity_coupler.py	CouplerCheck.broadband_valid	self.broadband_margin > 1.0	the broadband margin carries pi and the viscosity and density of the gas of Annex F; carries a transcendental factor (a power, an exponential, a root or pi), so it cannot sit on a printed decimal
metrology/reciprocity_coupler.py	_table_c3	abs(frequency / printed[nearest] - 1.0) <= _NOMINAL_TOLERANCE	the library's own 2 % tolerance for taking a printed row of IEC 61094-2 Table C.3, not a printed limit
metrology/reciprocity_coupler.py	_table_c3	frequency < printed[0]	masked: a frequency within 2 % of the first or the last row of Table C.3 takes that row before this is read
metrology/reciprocity_coupler.py	_table_c3	frequency > printed[-1]	masked: a frequency within 2 % of the first or the last row of Table C.3 takes that row before this is read
metrology/reciprocity_coupler.py	CouplerCheck.approximation_valid	_APPROXIMATION_RATIO[0] < ratio < _APPROXIMATION_RATIO[1]	the bounds 0,125 and 8 are powers of two, and a decimal length that is 8 or 1/8 times a decimal diameter is exactly that multiple in binary
metrology/reciprocity_coupler.py	CouplerCheck.approximation_valid	self.lowest_x > _APPROXIMATION_X	X carries the thermal diffusivity and heat-capacity ratio of the gas of Annex F; carries a transcendental factor (a power, an exponential, a root or pi), so it cannot sit on a printed decimal
metrology/reciprocity_free_field.py	ReciprocityAirAttenuation.within_stated_accuracy	_ACCURACY_WATER_FRACTION[0] <= self.water_vapour_mole_fraction <= _ACCURACY_WATER_FRACTION[1]	the water vapour mole fraction of IEC 61094-2 Annex F comes through the saturation pressure; carries a transcendental factor (a power, an exponential, a root or pi), so it cannot sit on a printed decimal
metrology/uncertainty.py	_effective_dof	denom > 0.0	numerical algorithm or signal-analysis internal (solver, bracket, grid, interpolation, band selection) (recorded with the fix)
noise_control/_criterion.py	meets_target_of	excess <= 0.0	a single difference of a raw level and a printed curve against 0, exact sign (recorded with the fix)
noise_control/duct_modes.py	_mach	mach >= 1.0	guard that raises on a degenerate or invalid derived input, not a printed limit (recorded with the fix)
noise_control/hvac.py	_vdi2081_branch_flow_noise	strouhal > 1.0	continuous (lg St of 1 is 0) (recorded with the fix)
noise_control/hvac.py	section_change_loss	ratio < 1.0	equal areas give a ratio of exactly 1 and the reduction is continuous there (recorded with the fix)
noise_control/hvac.py	section_change_loss	ratio > 1.0	operands are inputs, table rows or continuous branches (recorded with the fix)
noise_control/hvac.py	unlined_rectangular_duct_attenuation	ps >= _REYNOLDS_PS_SPLIT_PER_FT	operands are inputs, table rows or continuous branches (recorded with the fix)
noise_control/silencer_in_situ.py	measurement_distance_downstream_m	distance <= 0.0	quantity through logs, powers, fits or signal analysis; not decimal-reachable (recorded with the fix)
noise_control/valves.py	multistage_trim_conditions	p1 / p2 >= _STAGNATION_BRANCH_RATIO	pressure ratios against gamma-derived critical ratios, not decimal-reachable (recorded with the fix)
noise_control/valves_hydrodynamic.py	corrected_incipient_ratio	corrected >= _FLASHING_RATIO	guard that raises on a degenerate or invalid derived input, not a printed limit (recorded with the fix)
noise_control/valves_hydrodynamic.py	stage_conditions	abs(shares - 1.0) > _SERIES_LAW_TOLERANCE	the library's own 5 % tolerance on the series law of stage capacities, not a printed limit
noise_control/valves_hydrodynamic.py	valve_hydrodynamic_noise	fraction > 0.0	operands are inputs, table rows or continuous branches (recorded with the fix)
noise_control/valves_hydrodynamic.py	valve_hydrodynamic_noise	ratio >= _FLASHING_RATIO	guard that raises on a degenerate or invalid derived input, not a printed limit (recorded with the fix)
psychoacoustics/loudness/moore_glasberg.py	_excitation_pattern	freqs > fc	the ERB-rate grid of the filters is transcendental
psychoacoustics/loudness/moore_glasberg.py	_excitation_pattern	g > _ROEX_G_MAX	numerical algorithm or signal-analysis internal (solver, bracket, grid, interpolation, band selection) (recorded with the fix)
psychoacoustics/loudness/moore_glasberg.py	_specific_loudness	e > _E_HIGH_LEVEL	an excitation pattern of a spectrum through roex filters; carries a transcendental factor (a power, an exponential, a root or pi), so it cannot sit on a printed decimal
psychoacoustics/loudness/moore_glasberg.py	_specific_loudness	excitation > 0.0	an excitation pattern of a spectrum through roex filters; carries a transcendental factor (a power, an exponential, a root or pi), so it cannot sit on a printed decimal
psychoacoustics/quality/fluctuation_strength_ecma.py	_analysis_window	float(np.std(resid)) / mean < _REG_MIN_RSD	numerical algorithm or signal-analysis internal (solver, bracket, grid, interpolation, band selection) (recorded with the fix)
psychoacoustics/quality/fluctuation_strength_ecma.py	_analysis_window	mean <= 0.0	numerical algorithm or signal-analysis internal (solver, bracket, grid, interpolation, band selection) (recorded with the fix)
psychoacoustics/quality/fluctuation_strength_ecma.py	_band_block	abs(f_opt - rates[i_max]) > 1.25 * _DELTA_F	numerical algorithm or signal-analysis internal (solver, bracket, grid, interpolation, band selection) (recorded with the fix)
psychoacoustics/quality/fluctuation_strength_ecma.py	_band_block	f_opt < _F_OPT_MIN	numerical algorithm or signal-analysis internal (solver, bracket, grid, interpolation, band selection) (recorded with the fix)
psychoacoustics/quality/fluctuation_strength_ecma.py	_round_half_away	v >= 0.0	both branches give 0 at 0, so nothing jumps there; the half rounding itself is not this comparison
psychoacoustics/quality/fluctuation_strength_ecma.py	_select_line_pairs	peak <= 0.0	numerical algorithm or signal-analysis internal (solver, bracket, grid, interpolation, band selection) (recorded with the fix)
psychoacoustics/quality/fluctuation_strength_ecma.py	_w_lh	f_hz <= 0.0	modulation rates of a measured envelope spectrum; a quantity of a measured signal (spectra, level histories, correlations, fits), not a decimal reading a user types
psychoacoustics/quality/fluctuation_strength_ecma.py	_w_lh	f_hz <= _F_MAX_W	the two pieces of ECMA-418-2 Formula (148) meet at f_max, so no weight jumps there
psychoacoustics/quality/tone_audibility.py	_is_distinct	lower < _DISTINCT_EDGE_STEEPNESS	quantity through logs, powers, fits or signal analysis; not decimal-reachable (recorded with the fix)
psychoacoustics/quality/tone_audibility.py	_is_distinct	upper < _DISTINCT_EDGE_STEEPNESS	quantity through logs, powers, fits or signal analysis; not decimal-reachable (recorded with the fix)
room/acoustics.py	_band_parameters	late > 0.0	operands are inputs, table rows or continuous branches (recorded with the fix)
room/acoustics.py	_band_parameters	late > 0.0	operands are inputs, table rows or continuous branches (recorded with the fix)
room/acoustics.py	_band_parameters	noise > 0.0	operands are inputs, table rows or continuous branches (recorded with the fix)
room/acoustics.py	_fit_decay_time	float(level.min()) > lower	operands are inputs, table rows or continuous branches (recorded with the fix)
room/acoustics.py	_fit_decay_time	level <= upper	operands are inputs, table rows or continuous branches (recorded with the fix)
room/acoustics.py	_fit_decay_time	level >= lower	operands are inputs, table rows or continuous branches (recorded with the fix)
room/acoustics.py	_fit_decay_time	slope >= 0.0	the fit window must span the whole decay range first, so no near-zero slope reaches it; constant, alternating and palindromic curves were searched (recorded with the fix)
room/acoustics.py	RoomAcousticsResult.edt_valid	self.dynamic_range >= _EDT_RANGE[1] + _NOISE_MARGIN_DB	dynamic range of a measured impulse response (recorded with the fix)
room/acoustics.py	RoomAcousticsResult.t20_valid	self.dynamic_range >= needed	operands are inputs, table rows or continuous branches (recorded with the fix)
room/acoustics.py	RoomAcousticsResult.t30_valid	self.dynamic_range >= needed	operands are inputs, table rows or continuous branches (recorded with the fix)
room/auditorium.py	_decay_range_is_thin	float(np.max(p2)) / floor < 10.0 ** (_MINIMUM_DECAY_RANGE_DB / 10.0)	quantity through logs, powers, fits or signal analysis; not decimal-reachable (recorded with the fix)
room/enclosed_space_absorption.py	equivalent_absorption_area	total < 0.0	guard that raises on a degenerate or invalid derived input, not a printed limit (recorded with the fix)
room/enclosed_space_absorption.py	object_fraction	psi >= 1.0	guard that raises on a degenerate or invalid derived input, not a printed limit (recorded with the fix)
room/image_source.py	_image_amplitudes	counts[:, None, :] > 0	reflection counts of the image sources, whole numbers
room/noise_criteria.py	room_criterion	np.max(high_dev) > _RC_HISS_LIMIT_DB	RC curve of an integer rating is integer-valued, decimal minus integer is exact (recorded with the fix)
room/noise_criteria.py	room_criterion	np.max(low_dev) > _RC_RUMBLE_LIMIT_DB	RC curve of an integer rating is integer-valued, decimal minus integer is exact (recorded with the fix)
room/reverberation_prediction.py	_accumulate_surfaces	total_area <= 0.0	guard that raises on a degenerate or invalid derived input, not a printed limit (recorded with the fix)
room/reverberation_prediction.py	_eyring_absorption	mean_absorption >= 1.0	a math-domain guard of ln(1 - alpha): the Eyring time goes to zero continuously at 1 (recorded with the fix)
room/reverberation_prediction.py	_millington_absorption	alpha_arr >= 1.0	guard that raises on a degenerate or invalid derived input, not a printed limit (recorded with the fix)
room/reverberation_prediction.py	_reverberation_time	absorption <= 0.0	a positivity guard on an absorption area before dividing by it; a domain guard, not a printed limit
signals/correlation.py	CorrelationResult.random_error	rho2 > 0.0	numerical algorithm or signal-analysis internal (solver, bracket, grid, interpolation, band selection) (recorded with the fix)
signals/correlation.py	_coefficient_correlation	denom <= 0.0	numerical algorithm or signal-analysis internal (solver, bracket, grid, interpolation, band selection) (recorded with the fix)
signals/correlation.py	_delay_error	denom > 0.0	numerical algorithm or signal-analysis internal (solver, bracket, grid, interpolation, band selection) (recorded with the fix)
signals/correlation.py	_parabolic_offset	denom >= 0.0	numerical algorithm internal (a search, a bracket, a series switch, a degenerate fit), no verdict (parabolic interpolation of a correlation peak)
signals/correlation.py	_refine_peak	grid[j] < 0.0	the sign of a correlation peak; a quantity of a measured signal (spectra, level histories, correlations, fits), not a decimal reading a user types
signals/correlation.py	time_delay	float(np.std(xa)) <= 0.0	guard that raises on a degenerate or invalid derived input, not a printed limit (recorded with the fix)
signals/correlation.py	time_delay	float(np.std(ya)) <= 0.0	guard that raises on a degenerate or invalid derived input, not a printed limit (recorded with the fix)
signals/correlation.py	time_delay	peak_mag > 0.0	a guard that leaves an all-zero correlation curve unnormalised; the curve is drawn either way, no verdict
signals/correlation.py	time_delay	peak_mag > 0.0	a guard that leaves an all-zero correlation curve unnormalised; the curve is drawn either way, no verdict
signals/multitaper.py	_adaptive_multitaper_weights	dsum > 0.0	numerical algorithm or signal-analysis internal (solver, bracket, grid, interpolation, band selection) (recorded with the fix)
signals/multitaper.py	_adaptive_multitaper_weights	np.sum(d, axis=0) > 0.0	numerical algorithm or signal-analysis internal (solver, bracket, grid, interpolation, band selection) (recorded with the fix)
signals/multitaper.py	_adaptive_multitaper_weights	s_new > 0.0	numerical algorithm or signal-analysis internal (solver, bracket, grid, interpolation, band selection) (recorded with the fix)
solids/catalogue.py	_poisson_ratio_from_moduli	_ISOTROPIC_POISSON_LOW < nu <= _ISOTROPIC_POISSON_HIGH	guard that raises on a degenerate or invalid derived input, not a printed limit (recorded with the fix)
speech/sti.py	_truncated_mtf	m > _MTF_INVALID_ABOVE	modulation transfer values of a measured or modelled signal; a quantity of a measured signal (spectra, level histories, correlations, fits), not a decimal reading a user types
speech/sti.py	stipa	x_proc.size / fs < _STIPA_MIN_SECONDS	a count of samples over a sampling rate: one correctly rounded division of exact numbers, equal to the printed value when it is
underwater/bioacoustics/audiograms.py	orca_audiogram	f_khz < b1	numerical algorithm or signal-analysis internal (solver, bracket, grid, interpolation, band selection) (recorded with the fix)
underwater/bioacoustics/audiograms.py	orca_audiogram	f_khz < b2	numerical algorithm or signal-analysis internal (solver, bracket, grid, interpolation, band selection) (recorded with the fix)
underwater/propagation/numerical.py	normal_modes	norm > 0.0	numerical algorithm or signal-analysis internal (solver, bracket, grid, interpolation, band selection) (recorded with the fix)
underwater/propagation/weston_regimes.py	weston_regime_boundaries	psi_c < np.pi / 2.0	numerical algorithm or signal-analysis internal (solver, bracket, grid, interpolation, band selection) (recorded with the fix)
underwater/propagation/weston_regimes.py	weston_regime_boundaries	psi_c >= np.pi / 2.0	numerical algorithm or signal-analysis internal (solver, bracket, grid, interpolation, band selection) (recorded with the fix)
underwater/sonar_equation.py	array_directivity_index.sigma_ratio	x < _SIGMA_SERIES_LIMIT	the switch to a Taylor series at a small argument, where the series and the closed form agree; numerical algorithm internal (a search, a bracket, a series switch, a degenerate fit), no verdict
underwater/sources/pile_driving_noise.py	strike_sel_spectrum	total <= 0.0	guard that raises on a degenerate or invalid derived input, not a printed limit (recorded with the fix)
vibration/human/exposure.py	energy_equivalent_acceleration	total <= 0.0	guard that raises on a degenerate or invalid derived input, not a printed limit (recorded with the fix)
vibration/human/seat_vibration.py	SeatTransmissionResult.attenuates	self.seat_factor < UNITY_TRANSMISSION	SEAT factor of spectra; equal spectra give exactly 1 (recorded with the fix)
vibration/immission/people.py	railway_assessment_severity	float(np.sum(takte)) > total	guard that raises on a degenerate or invalid derived input, not a printed limit (recorded with the fix)
vibration/immission/railway.py	_check_resolution	abs(spacing / NARROWBAND_RESOLUTION_HZ - 1.0) > _RESOLUTION_TOLERANCE	the library's own tolerance on the spacing of a narrow-band spectrum, not a printed limit
vibration/immission/railway_prediction.py	_nominal	ratio < _BAND_TOLERANCE	the limit is a power of 2^(1/n), irrational, which no decimal quantity can equal (2^(1/12) either side of a nominal centre)
vibration/immission/railway_prediction.py	_nominal	ratio > 1.0 / _BAND_TOLERANCE	the limit is a power of 2^(1/n), irrational, which no decimal quantity can equal (2^(1/12) either side of a nominal centre)
vibration/immission/railway_prediction.py	rescale_emission_for_speed	change > SPEED_RESCALING_LIMIT	guard that raises on a degenerate or invalid derived input, not a printed limit (recorded with the fix)
vibration/machinery/diagnostics.py	induction_motor_frequencies	s >= 1.0	guard that raises on a degenerate or invalid derived input, not a printed limit (recorded with the fix)
vibration/structural/experimental_sea.py	cylindrical_shell_modal_density	x <= _LINEAR_REGIME_MAX_RING_RATIO	numerical algorithm or signal-analysis internal (solver, bracket, grid, interpolation, band selection) (recorded with the fix)
vibration/structural/experimental_sea.py	cylindrical_shell_modal_density	x <= _SQRT_REGIME_MAX_RING_RATIO	numerical algorithm or signal-analysis internal (solver, bracket, grid, interpolation, band selection) (recorded with the fix)
vibration/structural/impact_mobility.py	DoubleHitCheck.ripple_db	r >= 1.0	numerical algorithm or signal-analysis internal (solver, bracket, grid, interpolation, band selection) (recorded with the fix)
vibration/structural/impact_mobility.py	ForceSpectrumCheck.energy_fraction_above	total > 0.0	numerical algorithm or signal-analysis internal (solver, bracket, grid, interpolation, band selection) (recorded with the fix)
vibration/structural/impact_mobility.py	ImpactMobilityResult.__post_init__	coherence > 1.0	range check of a coherence estimate, an invariant of the result; a quantity of a measured signal (spectra, level histories, correlations, fits), not a decimal reading a user types
vibration/structural/impact_mobility.py	ImpactMobilityResult.__post_init__	coherence >= 0.0	range check of a coherence estimate, an invariant of the result; a quantity of a measured signal (spectra, level histories, correlations, fits), not a decimal reading a user types
vibration/structural/impact_mobility.py	_solve_mode	denominator > 0.0	quantity through logs, powers, fits or signal analysis; not decimal-reachable (recorded with the fix)
vibration/structural/impact_mobility.py	single_mode_fit	a1 > _FIT_TOLERANCE	numerical algorithm internal (a search, a bracket, a series switch, a degenerate fit), no verdict (degeneracy tests of a least-squares fit at the square root of the machine epsilon)
vibration/structural/impact_mobility.py	single_mode_fit	determination > _FIT_TOLERANCE	numerical algorithm internal (a search, a bracket, a series switch, a degenerate fit), no verdict (degeneracy tests of a least-squares fit at the square root of the machine epsilon)
vibration/structural/impact_mobility.py	single_mode_fit	discriminant > _FIT_TOLERANCE	numerical algorithm internal (a search, a bracket, a series switch, a degenerate fit), no verdict (degeneracy tests of a least-squares fit at the square root of the machine epsilon)
